r_number,lng,lat,mid_ma,pygp_pts,plt_id,maxage,pygp_feature,lng_5,lat_5,lng_15,lat_15,lng_25,lat_25,lng_35,lat_35,lng_45,lat_45,lng_55,lat_55,lng_65,lat_65,lng_75,lat_75,lng_85,lat_85,lng_95,lat_95,lng_105,lat_105,lng_115,lat_115,lng_125,lat_125,lng_135,lat_135,lng_145,lat_145,lng_155,lat_155,lng_165,lat_165,lng_175,lat_175,lng_185,lat_185,lng_195,lat_195,lng_205,lat_205,lng_215,lat_215,lng_225,lat_225,lng_235,lat_235
2655,-175.2,-21.15,3.95,"(-0.929368, -0.0780412, -0.360811)",821,40.0,<pygplates.pygplates.Feature object at 0x0000029070397580>,-176.80901361858022,-21.490449105688185,,,,,,,,,,,,,,,,,,,,,,,,,,,,,,,,,,,,,,,,,,,,,,
1092,-169.9167,-19.0333,11.3,"(-0.930728, -0.165508, -0.326118)",982,100.0,<pygplates.pygplates.Feature object at 0x0000029070397660>,,,-158.66154209476178,-20.73350429495724,,,,,,,,,,,,,,,,,,,,,,,,,,,,,,,,,,,,,,,,,,,,
3970,-158.2667,21.5667,0.05,"(-0.863884, -0.344363, 0.367584)",901,83.0,<pygplates.pygplates.Feature object at 0x0000029070397740>,-153.75089662512494,20.837527412470788,,,,,,,,,,,,,,,,,,,,,,,,,,,,,,,,,,,,,,,,,,,,,,
3986,-158.1167,-19.9833,0.45,"(-0.872075, -0.350277, -0.341746)",982,86.0,<pygplates.pygplates.Feature object at 0x00000290703976D0>,-154.26810424790884,-20.70965447479413,,,,,,,,,,,,,,,,,,,,,,,,,,,,,,,,,,,,,,,,,,,,,,
3969,-158.0667,21.6167,0.05,"(-0.862379, -0.347257, 0.368396)",901,83.0,<pygplates.pygplates.Feature object at 0x0000029070397510>,-153.55103320568708,20.884467489341514,,,,,,,,,,,,,,,,,,,,,,,,,,,,,,,,,,,,,,,,,,,,,,
3255,-157.9667,21.3333,0.05,"(-0.86345, -0.34944, 0.363793)",901,83.0,<pygplates.pygplates.Feature object at 0x00000290703975F0>,-153.45649981221462,20.599582161792053,,,,,,,,,,,,,,,,,,,,,,,,,,,,,,,,,,,,,,,,,,,,,,
3971,-157.7167,21.45,0.05,"(-0.86123, -0.352923, 0.365689)",901,83.0,<pygplates.pygplates.Feature object at 0x00000290703977B0>,-153.20572837743882,20.712468063572853,,,,,,,,,,,,,,,,,,,,,,,,,,,,,,,,,,,,,,,,,,,,,,
3985,-157.7167,-19.8167,0.05,"(-0.870525, -0.356732, -0.339012)",982,86.0,<pygplates.pygplates.Feature object at 0x0000029070397820>,-153.86336562810942,-20.54921995389575,,,,,,,,,,,,,,,,,,,,,,,,,,,,,,,,,,,,,,,,,,,,,,
3987,-157.3333,-20.15,0.4,"(-0.866284, -0.361783, -0.344479)",982,86.0,<pygplates.pygplates.Feature object at 0x00000290703974A0>,-153.48397707227923,-20.88833083892358,,,,,,,,,,,,,,,,,,,,,,,,,,,,,,,,,,,,,,,,,,,,,,
2080,-151.7167,-16.5,3.95,"(-0.844352, -0.454319, -0.284015)",901,67.7,<pygplates.pygplates.Feature object at 0x0000029070397430>,-147.7828017067939,-17.320566219157104,,,,,,,,,,,,,,,,,,,,,,,,,,,,,,,,,,,,,,,,,,,,,,
2652,-151.35,-22.45,8.45,"(-0.811057, -0.443121, -0.381877)",983,86.0,<pygplates.pygplates.Feature object at 0x0000029070397350>,-147.5074919177094,-23.275000271689272,,,,,,,,,,,,,,,,,,,,,,,,,,,,,,,,,,,,,,,,,,,,,,
3906,-128.3167,-24.3667,0.45,"(-0.56478, -0.714707, -0.412575)",901,20.1,<pygplates.pygplates.Feature object at 0x0000029070397120>,-124.32809368638183,-25.435079596972667,,,,,,,,,,,,,,,,,,,,,,,,,,,,,,,,,,,,,,,,,,,,,,
3990,-110.95,25.3,0.05,"(-0.323258, -0.844316, 0.427358)",105,150.0,<pygplates.pygplates.Feature object at 0x0000029070397270>,-106.79208219665311,23.964062184686114,,,,,,,,,,,,,,,,,,,,,,,,,,,,,,,,,,,,,,,,,,,,,,
1140,-96.0833,30.9167,138.95,"(-0.0909169, -0.853084, 0.513791)",101,600.0,<pygplates.pygplates.Feature object at 0x0000029070397200>,,,,,,,,,,,,,,,,,,,,,,,,,,,-31.559397903737352,32.24655830917916,,,,,,,,,,,,,,,,,,,,
2881,-92.8833,17.1167,25.55,"(-0.0480738, -0.954497, 0.294319)",205,250.0,<pygplates.pygplates.Feature object at 0x00000290703972E0>,,,,,-84.06330124713449,14.943315186145442,,,,,,,,,,,,,,,,,,,,,,,,,,,,,,,,,,,,,,,,,,
821,-88.7667,15.8,19.5,"(0.0207103, -0.961995, 0.27228)",211,120.0,<pygplates.pygplates.Feature object at 0x00000290703970B0>,,,-83.53857302285918,14.210341678544879,,,,,,,,,,,,,,,,,,,,,,,,,,,,,,,,,,,,,,,,,,,,
3943,-87.8167,18.1167,0.05,"(0.0362079, -0.949735, 0.310953)",205,250.0,<pygplates.pygplates.Feature object at 0x0000029070397190>,-85.97949127142468,17.52098505274918,,,,,,,,,,,,,,,,,,,,,,,,,,,,,,,,,,,,,,,,,,,,,,
3814,-87.1208,20.5778,0.05,"(0.0470255, -0.935014, 0.351479)",205,250.0,<pygplates.pygplates.Feature object at 0x00000290703973C0>,-85.20411247893115,19.96004301025982,,,,,,,,,,,,,,,,,,,,,,,,,,,,,,,,,,,,,,,,,,,,,,
3597,-83.0833,9.9833,3.3,"(0.118603, -0.977691, 0.173361)",231,30.0,<pygplates.pygplates.Feature object at 0x0000029070396EB0>,-82.36299971767384,9.112190870672796,,,,,,,,,,,,,,,,,,,,,,,,,,,,,,,,,,,,,,,,,,,,,,
3601,-81.9,9.1333,13.8,"(0.139115, -0.977472, 0.158732)",230,5.4,<pygplates.pygplates.Feature object at 0x0000029070396D60>,,,,,,,,,,,,,,,,,,,,,,,,,,,,,,,,,,,,,,,,,,,,,,,,
2044,-81.7,12.5333,19.5,"(0.140916, -0.965945, 0.217007)",222,110.0,<pygplates.pygplates.Feature object at 0x0000029070396F20>,,,-78.62782177494869,10.157488896352705,,,,,,,,,,,,,,,,,,,,,,,,,,,,,,,,,,,,,,,,,,,,
2045,-81.7,12.5333,14.9,"(0.140916, -0.965945, 0.217007)",222,110.0,<pygplates.pygplates.Feature object at 0x0000029070396E40>,,,-78.62782177494869,10.157488896352705,,,,,,,,,,,,,,,,,,,,,,,,,,,,,,,,,,,,,,,,,,,,
2046,-81.7,12.5333,7.1,"(0.140916, -0.965945, 0.217007)",222,110.0,<pygplates.pygplates.Feature object at 0x0000029070396DD0>,-80.7362111150312,11.678941748462165,,,,,,,,,,,,,,,,,,,,,,,,,,,,,,,,,,,,,,,,,,,,,,
3752,-81.25,19.3333,0.05,"(0.143545, -0.932627, 0.331063)",216,50.0,<pygplates.pygplates.Feature object at 0x0000029070396F90>,-79.40271524997131,18.54459901018926,,,,,,,,,,,,,,,,,,,,,,,,,,,,,,,,,,,,,,,,,,,,,,
2732,-81.1667,19.3167,19.6,"(0.144915, -0.932512, 0.330789)",216,50.0,<pygplates.pygplates.Feature object at 0x0000029070396CF0>,,,-75.73510091949755,17.109643467888723,,,,,,,,,,,,,,,,,,,,,,,,,,,,,,,,,,,,,,,,,,,,
3981,-80.1,19.65,0.05,"(0.161917, -0.927741, 0.336274)",216,50.0,<pygplates.pygplates.Feature object at 0x0000029070396C80>,-78.2487345371139,18.82846765822669,,,,,,,,,,,,,,,,,,,,,,,,,,,,,,,,,,,,,,,,,,,,,,
645,-78.8,26.5,2.65,"(0.173827, -0.87789, 0.446198)",233,600.0,<pygplates.pygplates.Feature object at 0x0000029070396C10>,-76.73100897229088,25.638758962300273,,,,,,,,,,,,,,,,,,,,,,,,,,,,,,,,,,,,,,,,,,,,,,
3242,-77.4,18.4667,2.65,"(0.206911, -0.925665, 0.316753)",222,110.0,<pygplates.pygplates.Feature object at 0x0000029070396BA0>,-76.14341964458278,17.389490268021547,,,,,,,,,,,,,,,,,,,,,,,,,,,,,,,,,,,,,,,,,,,,,,
3800,-77.3333,18.5,0.05,"(0.207948, -0.925243, 0.317305)",222,110.0,<pygplates.pygplates.Feature object at 0x0000029070396B30>,-76.07540269840118,17.419460986052364,,,,,,,,,,,,,,,,,,,,,,,,,,,,,,,,,,,,,,,,,,,,,,
3566,-77.1167,18.3667,35.95,"(0.211608, -0.925168, 0.315098)",222,110.0,<pygplates.pygplates.Feature object at 0x0000029070396AC0>,,,,,,,-71.13580894233186,12.594101195401107,,,,,,,,,,,,,,,,,,,,,,,,,,,,,,,,,,,,,,,,
3567,-77.1,18.2167,35.95,"(0.212061, -0.925907, 0.312612)",222,110.0,<pygplates.pygplates.Feature object at 0x0000029070396A50>,,,,,,,-71.13783718486147,12.443278460737165,,,,,,,,,,,,,,,,,,,,,,,,,,,,,,,,,,,,,,,,
3240,-76.4347,18.1861,2.65,"(0.222837, -0.923545, 0.312104)",222,110.0,<pygplates.pygplates.Feature object at 0x00000290703969E0>,-75.20052337370133,17.061876981147797,,,,,,,,,,,,,,,,,,,,,,,,,,,,,,,,,,,,,,,,,,,,,,
3241,-76.4181,18.1847,2.3,"(0.223106, -0.923487, 0.312081)",222,110.0,<pygplates.pygplates.Feature object at 0x0000029070396970>,-75.18412386896266,17.059666648454655,,,,,,,,,,,,,,,,,,,,,,,,,,,,,,,,,,,,,,,,,,,,,,
3239,-76.2806,17.8833,3.1,"(0.225708, -0.924531, 0.307079)",222,110.0,<pygplates.pygplates.Feature object at 0x0000029070396900>,-75.06385535412363,16.75194132337458,,,,,,,,,,,,,,,,,,,,,,,,,,,,,,,,,,,,,,,,,,,,,,
3595,-75.2,20.1333,28.45,"(0.239837, -0.907745, 0.344205)",274,70.0,<pygplates.pygplates.Feature object at 0x0000029070396890>,,,,,-66.43567499850373,16.032699582406416,,,,,,,,,,,,,,,,,,,,,,,,,,,,,,,,,,,,,,,,,,
3801,-74.5167,24.0333,0.05,"(0.243815, -0.880163, 0.407268)",233,170.0,<pygplates.pygplates.Feature object at 0x0000029070396820>,-72.5630694856222,23.056212489756675,,,,,,,,,,,,,,,,,,,,,,,,,,,,,,,,,,,,,,,,,,,,,,
1949,-71.5,-44.85,148.55,"(0.224955, -0.672319, -0.705253)",283,600.0,<pygplates.pygplates.Feature object at 0x00000290703967B0>,,,,,,,,,,,,,,,,,,,,,,,,,,,,,-29.635136322821758,-45.37966204981721,,,,,,,,,,,,,,,,,,
786,-71.4,19.6667,8.45,"(0.300353, -0.892482, 0.336548)",254,110.0,<pygplates.pygplates.Feature object at 0x0000029070396740>,-70.34997978443951,18.51163368247606,,,,,,,,,,,,,,,,,,,,,,,,,,,,,,,,,,,,,,,,,,,,,,
3902,-71.3,19.5333,7.1,"(0.302161, -0.892696, 0.334355)",254,110.0,<pygplates.pygplates.Feature object at 0x00000290703966D0>,-70.25398129607315,18.376071878535488,,,,,,,,,,,,,,,,,,,,,,,,,,,,,,,,,,,,,,,,,,,,,,
414,-70.2833,-38.7,160.4,"(0.263294, -0.734676, -0.625243)",283,600.0,<pygplates.pygplates.Feature object at 0x0000029070396660>,,,,,,,,,,,,,,,,,,,,,,,,,,,,,,,,,-25.21071207327465,-43.983191966393264,,,,,,,,,,,,,,
569,-69.7833,-35.9167,160.4,"(0.279868, -0.759976, -0.586608)",2901,600.0,<pygplates.pygplates.Feature object at 0x00000290703965F0>,,,,,,,,,,,,,,,,,,,,,,,,,,,,,,,,,-26.1953392900305,-40.52895556610004,,,,,,,,,,,,,,
3238,-69.5167,18.4167,0.05,"(0.332012, -0.888796, 0.315926)",254,110.0,<pygplates.pygplates.Feature object at 0x0000029070396580>,-68.51012804653472,17.22115200237782,,,,,,,,,,,,,,,,,,,,,,,,,,,,,,,,,,,,,,,,,,,,,,
3751,-69.0667,12.2833,0.05,"(0.349102, -0.912616, 0.212746)",228,170.0,<pygplates.pygplates.Feature object at 0x0000029070396510>,-68.48721299370034,10.43773818948948,,,,,,,,,,,,,,,,,,,,,,,,,,,,,,,,,,,,,,,,,,,,,,
1352,-67.9167,18.1667,8.45,"(0.357214, -0.880449, 0.311783)",254,110.0,<pygplates.pygplates.Feature object at 0x00000290703964A0>,-66.92707506137013,16.937541239921096,,,,,,,,,,,,,,,,,,,,,,,,,,,,,,,,,,,,,,,,,,,,,,
1350,-67.0333,18.5167,13.8,"(0.369996, -0.873067, 0.317581)",237,75.0,<pygplates.pygplates.Feature object at 0x0000029070396430>,,,-65.11269991246816,15.190667121460478,,,,,,,,,,,,,,,,,,,,,,,,,,,,,,,,,,,,,,,,,,,,
1351,-67.0333,18.5167,8.45,"(0.369996, -0.873067, 0.317581)",237,75.0,<pygplates.pygplates.Feature object at 0x00000290703963C0>,-66.37130446259697,17.274229241659878,,,,,,,,,,,,,,,,,,,,,,,,,,,,,,,,,,,,,,,,,,,,,,
1347,-66.9167,17.9833,25.55,"(0.372915, -0.874994, 0.30874)",237,75.0,<pygplates.pygplates.Feature object at 0x0000029070396350>,,,,,-63.84616535636658,13.312846734189371,,,,,,,,,,,,,,,,,,,,,,,,,,,,,,,,,,,,,,,,,,
644,-66.75,18.05,25.55,"(0.375317, -0.873574, 0.309847)",237,75.0,<pygplates.pygplates.Feature object at 0x0000029070396120>,,,,,-63.680591459148225,13.373052985676232,,,,,,,,,,,,,,,,,,,,,,,,,,,,,,,,,,,,,,,,,,
1349,-66.6333,18.0167,13.8,"(0.377167, -0.872973, 0.309294)",237,75.0,<pygplates.pygplates.Feature object at 0x0000029070396270>,,,-64.7508722580738,14.669081745165903,,,,,,,,,,,,,,,,,,,,,,,,,,,,,,,,,,,,,,,,,,,,
1348,-66.5,18.4167,25.55,"(0.378327, -0.870092, 0.315926)",237,75.0,<pygplates.pygplates.Feature object at 0x0000029070396200>,,,,,-63.42132391403329,13.729874019863658,,,,,,,,,,,,,,,,,,,,,,,,,,,,,,,,,,,,,,,,,,
703,-64.8333,17.6667,17.1,"(0.405198, -0.862389, 0.303479)",237,75.0,<pygplates.pygplates.Feature object at 0x00000290703962E0>,,,-63.00537700192688,14.22055814174327,,,,,,,,,,,,,,,,,,,,,,,,,,,,,,,,,,,,,,,,,,,,
3952,-64.7667,32.2667,0.05,"(0.360472, -0.764887, 0.533861)",101,83.0,<pygplates.pygplates.Feature object at 0x00000290703960B0>,-62.65210726044311,31.041667305506405,,,,,,,,,,,,,,,,,,,,,,,,,,,,,,,,,,,,,,,,,,,,,,
3819,-64.6167,11.85,0.05,"(0.419536, -0.884206, 0.20535)",235,90.0,<pygplates.pygplates.Feature object at 0x0000029070396190>,-63.906247477042086,10.17825637372649,,,,,,,,,,,,,,,,,,,,,,,,,,,,,,,,,,,,,,,,,,,,,,
757,-61.8,17.6833,13.8,"(0.450223, -0.839662, 0.303755)",101,83.0,<pygplates.pygplates.Feature object at 0x0000029070396040>,,,-56.840925626583626,14.13774596478058,,,,,,,,,,,,,,,,,,,,,,,,,,,,,,,,,,,,,,,,,,,,
2072,-61.6833,17.0333,27.05,"(0.453538, -0.841723, 0.292927)",234,90.0,<pygplates.pygplates.Feature object at 0x0000029070395EB0>,,,,,-57.48951765178788,12.408785031957432,,,,,,,,,,,,,,,,,,,,,,,,,,,,,,,,,,,,,,,,,,
3820,-59.5333,13.0667,0.05,"(0.493909, -0.839607, 0.226085)",201,83.0,<pygplates.pygplates.Feature object at 0x0000029070395D60>,-57.95608619762869,11.663986337253688,,,,,,,,,,,,,,,,,,,,,,,,,,,,,,,,,,,,,,,,,,,,,,
2028,-16.3333,33.05,8.45,"(0.804367, -0.235721, 0.545371)",714,126.7,<pygplates.pygplates.Feature object at 0x0000029070395F20>,-16.216260964401666,31.36018206553429,,,,,,,,,,,,,,,,,,,,,,,,,,,,,,,,,,,,,,,,,,,,,,
2062,-16.3333,33.05,13.8,"(0.804367, -0.235721, 0.545371)",714,126.7,<pygplates.pygplates.Feature object at 0x0000029070395E40>,,,-15.874894864551102,28.51982017965366,,,,,,,,,,,,,,,,,,,,,,,,,,,,,,,,,,,,,,,,,,,,
2855,-9.7667,30.6167,154.7,"(0.848121, -0.145988, 0.509292)",706,600.0,<pygplates.pygplates.Feature object at 0x0000029070395DD0>,,,,,,,,,,,,,,,,,,,,,,,,,,,,,,,6.503172191051757,21.42501969511985,,,,,,,,,,,,,,,,
388,-9.6667,32.55,160.4,"(0.830954, -0.141541, 0.538035)",706,600.0,<pygplates.pygplates.Feature object at 0x0000029070395F90>,,,,,,,,,,,,,,,,,,,,,,,,,,,,,,,,,6.7740620501190305,22.590233478631887,,,,,,,,,,,,,,
2751,-9.0514,39.1958,160.4,"(0.76534, -0.121922, 0.631972)",304,600.0,<pygplates.pygplates.Feature object at 0x0000029070395CF0>,,,,,,,,,,,,,,,,,,,,,,,,,,,,,,,,,14.13997235644397,26.36183701849242,,,,,,,,,,,,,,
497,-9.05,38.95,154.7,"(0.768014, -0.122329, 0.628642)",304,600.0,<pygplates.pygplates.Feature object at 0x0000029070395C80>,,,,,,,,,,,,,,,,,,,,,,,,,,,,,,,13.970408138711424,27.2996244815277,,,,,,,,,,,,,,,,
499,-8.1,37.15,154.7,"(0.789106, -0.112306, 0.603904)",304,600.0,<pygplates.pygplates.Feature object at 0x0000029070395C10>,,,,,,,,,,,,,,,,,,,,,,,,,,,,,,,13.520794599918823,25.392478616442958,,,,,,,,,,,,,,,,
3482,-7.9667,37.1667,157.3,"(0.78919, -0.110446, 0.604136)",304,600.0,<pygplates.pygplates.Feature object at 0x0000029070395BA0>,,,,,,,,,,,,,,,,,,,,,,,,,,,,,,,13.628524590408894,25.346764867716242,,,,,,,,,,,,,,,,
353,-6.2667,31.6833,186.75,"(0.845879, -0.0928884, 0.525224)",714,600.0,<pygplates.pygplates.Feature object at 0x0000029070395B30>,,,,,,,,,,,,,,,,,,,,,,,,,,,,,,,,,,,,,5.590848374118992,25.090943283801668,,,,,,,,,,
389,-5.6667,33.85,186.75,"(0.82644, -0.0820046, 0.557021)",706,600.0,<pygplates.pygplates.Feature object at 0x0000029070395AC0>,,,,,,,,,,,,,,,,,,,,,,,,,,,,,,,,,,,,,7.047790069434665,26.889352498380617,,,,,,,,,,
3583,-5.6167,33.65,8.45,"(0.828441, -0.0814732, 0.554118)",706,600.0,<pygplates.pygplates.Feature object at 0x0000029070395A50>,-5.6996561043438465,31.954877607527113,,,,,,,,,,,,,,,,,,,,,,,,,,,,,,,,,,,,,,,,,,,,,,
387,-5.1667,33.5333,186.75,"(0.830178, -0.0750657, 0.552422)",706,600.0,<pygplates.pygplates.Feature object at 0x00000290703959E0>,,,,,,,,,,,,,,,,,,,,,,,,,,,,,,,,,,,,,7.337487845359044,26.43510268341293,,,,,,,,,,
354,-5.0,33.5,186.75,"(0.830713, -0.0726779, 0.551937)",706,600.0,<pygplates.pygplates.Feature object at 0x0000029070395970>,,,,,,,,,,,,,,,,,,,,,,,,,,,,,,,,,,,,,7.465868889147823,26.35025010358991,,,,,,,,,,
356,-4.7167,32.6833,176.5,"(0.838818, -0.0692095, 0.539995)",706,600.0,<pygplates.pygplates.Feature object at 0x0000029070395900>,,,,,,,,,,,,,,,,,,,,,,,,,,,,,,,,,,,9.688858825168456,22.38833478993226,,,,,,,,,,,,
375,-4.3597,32.1597,169.7,"(0.844118, -0.0643541, 0.532281)",714,600.0,<pygplates.pygplates.Feature object at 0x0000029070395890>,,,,,,,,,,,,,,,,,,,,,,,,,,,,,,,,,10.604693627710304,19.851788656721414,,,,,,,,,,,,,,
355,-4.1667,34.0,186.75,"(0.826846, -0.0602367, 0.559193)",706,600.0,<pygplates.pygplates.Feature object at 0x0000029070395820>,,,,,,,,,,,,,,,,,,,,,,,,,,,,,,,,,,,,,8.396040205162722,26.54114229035347,,,,,,,,,,
1238,-3.9333,43.4667,97.2,"(0.724065, -0.0497846, 0.687933)",304,600.0,<pygplates.pygplates.Feature object at 0x00000290703957B0>,,,,,,,,,,,,,,,,,,,9.340070393181229,33.34182326432719,,,,,,,,,,,,,,,,,,,,,,,,,,,,
1472,-3.7528,36.95,9.45,"(0.797447, -0.0523066, 0.601118)",329,600.0,<pygplates.pygplates.Feature object at 0x0000029070395740>,-4.06998304956446,35.4762419246183,,,,,,,,,,,,,,,,,,,,,,,,,,,,,,,,,,,,,,,,,,,,,,
1473,-3.5333,37.15,9.45,"(0.795542, -0.0491216, 0.603904)",329,600.0,<pygplates.pygplates.Feature object at 0x00000290703956D0>,-3.858367883253103,35.678892009843395,,,,,,,,,,,,,,,,,,,,,,,,,,,,,,,,,,,,,,,,,,,,,,
352,-3.4333,32.2667,186.75,"(0.844055, -0.0506384, 0.533861)",714,600.0,<pygplates.pygplates.Feature object at 0x0000029070395660>,,,,,,,,,,,,,,,,,,,,,,,,,,,,,,,,,,,,,8.284137777001915,24.705042412807927,,,,,,,,,,
2000,-3.25,34.1833,8.15,"(0.825914, -0.0468988, 0.561842)",706,600.0,<pygplates.pygplates.Feature object at 0x00000290703955F0>,-3.3801958172690467,32.49485492201159,,,,,,,,,,,,,,,,,,,,,,,,,,,,,,,,,,,,,,,,,,,,,,
377,-3.0,33.0,169.7,"(0.837521, -0.0438926, 0.544639)",706,600.0,<pygplates.pygplates.Feature object at 0x0000029070395580>,,,,,,,,,,,,,,,,,,,,,,,,,,,,,,,,,12.110985150685295,19.965572907536142,,,,,,,,,,,,,,
3582,-2.65,35.0,6.3,"(0.818276, -0.0378733, 0.573576)",721,600.0,<pygplates.pygplates.Feature object at 0x0000029070395510>,-2.796112761512484,33.31368930429388,,,,,,,,,,,,,,,,,,,,,,,,,,,,,,,,,,,,,,,,,,,,,,
406,-2.6333,42.2333,154.7,"(0.739632, -0.0340173, 0.672151)",304,600.0,<pygplates.pygplates.Feature object at 0x00000290703954A0>,,,,,,,,,,,,,,,,,,,,,,,,,,,,,,,20.57892069159607,27.2609988578814,,,,,,,,,,,,,,,,
662,-2.35,37.35,8.15,"(0.794276, -0.0325957, 0.606682)",329,600.0,<pygplates.pygplates.Feature object at 0x0000029070395430>,-2.701253847901243,35.893641934042705,,,,,,,,,,,,,,,,,,,,,,,,,,,,,,,,,,,,,,,,,,,,,,
666,-2.2167,36.95,8.45,"(0.798562, -0.0309108, 0.601118)",329,600.0,<pygplates.pygplates.Feature object at 0x00000290703953C0>,-2.56255217489169,35.49539619327335,,,,,,,,,,,,,,,,,,,,,,,,,,,,,,,,,,,,,,,,,,,,,,
407,-2.15,41.7833,154.7,"(0.745145, -0.0279744, 0.666315)",304,600.0,<pygplates.pygplates.Feature object at 0x0000029070395350>,,,,,,,,,,,,,,,,,,,,,,,,,,,,,,,20.63517880441747,26.6874596429327,,,,,,,,,,,,,,,,
664,-2.1167,37.15,6.3,"(0.796513, -0.0294393, 0.603904)",329,600.0,<pygplates.pygplates.Feature object at 0x0000029070395120>,-2.468366241356682,35.696653014643886,,,,,,,,,,,,,,,,,,,,,,,,,,,,,,,,,,,,,,,,,,,,,,
697,-2.0833,42.85,57.6,"(0.732652, -0.0266513, 0.680081)",304,600.0,<pygplates.pygplates.Feature object at 0x0000029070395270>,,,,,,,,,,,2.5352058265262727,30.95033310278452,,,,,,,,,,,,,,,,,,,,,,,,,,,,,,,,,,,,
696,-1.95,42.8667,63.8,"(0.732514, -0.02494, 0.680295)",304,600.0,<pygplates.pygplates.Feature object at 0x0000029070395200>,,,,,,,,,,,,,4.821084381539604,30.901127136214672,,,,,,,,,,,,,,,,,,,,,,,,,,,,,,,,,,
728,-1.95,42.8667,63.8,"(0.732514, -0.02494, 0.680295)",304,600.0,<pygplates.pygplates.Feature object at 0x00000290703952E0>,,,,,,,,,,,,,4.821084381539604,30.901127136214672,,,,,,,,,,,,,,,,,,,,,,,,,,,,,,,,,,
3584,-1.9333,34.6333,8.45,"(0.822338, -0.0277582, 0.568322)",706,600.0,<pygplates.pygplates.Feature object at 0x00000290703950B0>,-2.0914042662842998,32.94978932907047,,,,,,,,,,,,,,,,,,,,,,,,,,,,,,,,,,,,,,,,,,,,,,
351,-1.6667,32.5167,186.75,"(0.842878, -0.0245257, 0.537545)",706,600.0,<pygplates.pygplates.Feature object at 0x0000029070395190>,,,,,,,,,,,,,,,,,,,,,,,,,,,,,,,,,,,,,9.90560809062783,24.370370648606404,,,,,,,,,,
357,-1.6667,34.25,176.5,"(0.82624, -0.0240416, 0.562805)",706,600.0,<pygplates.pygplates.Feature object at 0x0000029070395040>,,,,,,,,,,,,,,,,,,,,,,,,,,,,,,,,,,,12.917882651084874,22.539409366655345,,,,,,,,,,,,
376,-1.6667,34.25,169.7,"(0.82624, -0.0240416, 0.562805)",706,600.0,<pygplates.pygplates.Feature object at 0x0000029070394EB0>,,,,,,,,,,,,,,,,,,,,,,,,,,,,,,,,,13.815437041236912,20.451884048188123,,,,,,,,,,,,,,
3233,-1.6667,32.5167,196.05,"(0.842878, -0.0245257, 0.537545)",706,600.0,<pygplates.pygplates.Feature object at 0x0000029070394D60>,,,,,,,,,,,,,,,,,,,,,,,,,,,,,,,,,,,,,,,7.246688043860173,23.006064228057028,,,,,,,,
500,-1.6167,40.3389,154.7,"(0.761926, -0.0215048, 0.647307)",304,600.0,<pygplates.pygplates.Feature object at 0x0000029070394F20>,,,,,,,,,,,,,,,,,,,,,,,,,,,,,,,20.130820629790428,25.25833826404943,,,,,,,,,,,,,,,,
501,-1.4167,40.15,151.15,"(0.764125, -0.0188977, 0.644791)",304,600.0,<pygplates.pygplates.Feature object at 0x0000029070394E40>,,,,,,,,,,,,,,,,,,,,,,,,,,,,,,,20.1594543686951,25.016851273104024,,,,,,,,,,,,,,,,
502,-1.4,40.25,154.7,"(0.763005, -0.0186474, 0.646124)",304,600.0,<pygplates.pygplates.Feature object at 0x0000029070394DD0>,,,,,,,,,,,,,,,,,,,,,,,,,,,,,,,20.23103985517851,25.094034724337426,,,,,,,,,,,,,,,,
378,-1.3333,32.3333,169.7,"(0.844722, -0.0196606, 0.534844)",714,600.0,<pygplates.pygplates.Feature object at 0x0000029070394F90>,,,,,,,,,,,,,,,,,,,,,,,,,,,,,,,,,13.015491185765832,18.6677139592298,,,,,,,,,,,,,,
1979,-1.3333,35.1833,6.3,"(0.817092, -0.0190175, 0.576194)",718,600.0,<pygplates.pygplates.Feature object at 0x0000029070394CF0>,-1.5066016972771326,33.50232106933304,,,,,,,,,,,,,,,,,,,,,,,,,,,,,,,,,,,,,,,,,,,,,,
652,-1.1833,37.85,6.3,"(0.789451, -0.0163064, 0.613596)",329,600.0,<pygplates.pygplates.Feature object at 0x0000029070394C80>,-1.5667899003992594,36.4087363457336,,,,,,,,,,,,,,,,,,,,,,,,,,,,,,,,,,,,,,,,,,,,,,
3578,-1.1667,35.55,6.3,"(0.81344, -0.0165662, 0.581413)",718,600.0,<pygplates.pygplates.Feature object at 0x0000029070394C10>,-1.345722874423971,33.86975250757381,,,,,,,,,,,,,,,,,,,,,,,,,,,,,,,,,,,,,,,,,,,,,,
1835,-1.1333,38.2167,9.45,"(0.785523, -0.0155395, 0.618637)",304,600.0,<pygplates.pygplates.Feature object at 0x0000029070394BA0>,-1.5254321749733566,36.77604716531645,,,,,,,,,,,,,,,,,,,,,,,,,,,,,,,,,,,,,,,,,,,,,,
3571,-1.05,43.7333,18.2,"(0.722444, -0.013241, 0.691302)",305,600.0,<pygplates.pygplates.Feature object at 0x0000029070394B30>,,,-2.3317188141165968,39.81392319636142,,,,,,,,,,,,,,,,,,,,,,,,,,,,,,,,,,,,,,,,,,,,
651,-1.0167,38.0,6.3,"(0.787887, -0.0139823, 0.615661)",329,600.0,<pygplates.pygplates.Feature object at 0x0000029070394AC0>,-1.4065034634916591,36.56092771678654,,,,,,,,,,,,,,,,,,,,,,,,,,,,,,,,,,,,,,,,,,,,,,
899,-0.8333,35.5833,6.3,"(0.813184, -0.0118276, 0.581886)",718,600.0,<pygplates.pygplates.Feature object at 0x0000029070394A50>,-1.0192584249746188,33.90456811312607,,,,,,,,,,,,,,,,,,,,,,,,,,,,,,,,,,,,,,,,,,,,,,
650,-0.6833,38.2833,6.3,"(0.784901, -0.00936105, 0.61955)",329,600.0,<pygplates.pygplates.Feature object at 0x00000290703949E0>,-1.0855029044430113,36.84864984194097,,,,,,,,,,,,,,,,,,,,,,,,,,,,,,,,,,,,,,,,,,,,,,
1998,-0.6667,38.25,21.7,"(0.785264, -0.00913783, 0.619094)",329,600.0,<pygplates.pygplates.Feature object at 0x0000029070394970>,,,,,-1.742425601679835,32.98403263993516,,,,,,,,,,,,,,,,,,,,,,,,,,,,,,,,,,,,,,,,,,
3573,-0.6,44.7333,21.7,"(0.710352, -0.00743906, 0.703808)",305,600.0,<pygplates.pygplates.Feature object at 0x0000029070394900>,,,,,-2.255291067508266,39.36824245840889,,,,,,,,,,,,,,,,,,,,,,,,,,,,,,,,,,,,,,,,,,
3580,-0.6,35.3333,6.3,"(0.815757, -0.0085429, 0.578332)",718,600.0,<pygplates.pygplates.Feature object at 0x0000029070394890>,-0.7889009433748526,33.6556664023332,,,,,,,,,,,,,,,,,,,,,,,,,,,,,,,,,,,,,,,,,,,,,,
4003,-0.35,38.6833,35.95,"(0.780598, -0.00476846, 0.625015)",304,600.0,<pygplates.pygplates.Feature object at 0x0000029070394820>,,,,,,,-0.9807680013176103,32.33761075133562,,,,,,,,,,,,,,,,,,,,,,,,,,,,,,,,,,,,,,,,
3579,-0.2,35.4833,6.3,"(0.81428, -0.00284238, 0.580466)",718,600.0,<pygplates.pygplates.Feature object at 0x00000290703947B0>,-0.3979668686331316,33.8076031940972,,,,,,,,,,,,,,,,,,,,,,,,,,,,,,,,,,,,,,,,,,,,,,
3536,0.05,40.0667,122.5,"(0.765295, 0.000667846, 0.643679)",304,600.0,<pygplates.pygplates.Feature object at 0x0000029070394740>,,,,,,,,,,,,,,,,,,,,,,,,,24.44253915789717,27.318964540590677,,,,,,,,,,,,,,,,,,,,,,
3551,0.05,40.0667,119.0,"(0.765295, 0.000667846, 0.643679)",304,600.0,<pygplates.pygplates.Feature object at 0x00000290703946D0>,,,,,,,,,,,,,,,,,,,,,,,22.84301105427565,29.55356282610471,,,,,,,,,,,,,,,,,,,,,,,,
3662,0.5167,42.3833,51.9,"(0.738622, 0.00666116, 0.674087)",304,600.0,<pygplates.pygplates.Feature object at 0x0000029070394660>,,,,,,,,,,,4.7445216026079935,30.431668387483512,,,,,,,,,,,,,,,,,,,,,,,,,,,,,,,,,,,,
3663,0.55,42.3167,51.9,"(0.739401, 0.00709796, 0.673228)",304,600.0,<pygplates.pygplates.Feature object at 0x00000290703945F0>,,,,,,,,,,,4.77137445938621,30.36455081422422,,,,,,,,,,,,,,,,,,,,,,,,,,,,,,,,,,,,
969,1.5,41.1667,9.45,"(0.75254, 0.0197059, 0.658252)",304,600.0,<pygplates.pygplates.Feature object at 0x0000029070394580>,0.987515695705899,39.76194470943682,,,,,,,,,,,,,,,,,,,,,,,,,,,,,,,,,,,,,,,,,,,,,,
889,1.5333,38.6667,8.45,"(0.780514, 0.0208924, 0.624789)",3203,600.0,<pygplates.pygplates.Feature object at 0x0000029070394510>,1.0800663164497257,37.262862882559894,,,,,,,,,,,,,,,,,,,,,,,,,,,,,,,,,,,,,,,,,,,,,,
2172,1.6,41.5833,42.9,"(0.7477, 0.0208852, 0.663708)",304,600.0,<pygplates.pygplates.Feature object at 0x00000290703944A0>,,,,,,,,,2.514408908483333,32.495602543100176,,,,,,,,,,,,,,,,,,,,,,,,,,,,,,,,,,,,,,
2768,1.9333,49.0833,63.8,"(0.654588, 0.0220958, 0.755663)",305,600.0,<pygplates.pygplates.Feature object at 0x0000029070394430>,,,,,,,,,,,,,7.456011890787058,37.613488013349,,,,,,,,,,,,,,,,,,,,,,,,,,,,,,,,,,
3659,2.3,41.9333,44.55,"(0.743324, 0.029855, 0.668265)",304,600.0,<pygplates.pygplates.Feature object at 0x00000290703943C0>,,,,,,,,,3.1019801937565674,32.88371016951049,,,,,,,,,,,,,,,,,,,,,,,,,,,,,,,,,,,,,,
688,2.3333,41.95,39.65,"(0.743112, 0.0302791, 0.668482)",304,600.0,<pygplates.pygplates.Feature object at 0x0000029070394350>,,,,,,,0.9707054460782697,35.836660520059354,,,,,,,,,,,,,,,,,,,,,,,,,,,,,,,,,,,,,,,,
679,2.7833,39.4167,8.45,"(0.771637, 0.0375139, 0.634956)",3202,600.0,<pygplates.pygplates.Feature object at 0x0000029070394120>,2.288132468960412,38.03104732567367,,,,,,,,,,,,,,,,,,,,,,,,,,,,,,,,,,,,,,,,,,,,,,
3710,2.8333,34.1,154.7,"(0.827048, 0.0409312, 0.560639)",714,600.0,<pygplates.pygplates.Feature object at 0x0000029070394270>,,,,,,,,,,,,,,,,,,,,,,,,,,,,,,,17.996282455368153,18.49420483393694,,,,,,,,,,,,,,,,
1996,3.0,39.8333,21.7,"(0.766859, 0.0401894, 0.640556)",3202,600.0,<pygplates.pygplates.Feature object at 0x0000029070394200>,,,,,1.5076144884955187,34.81143929919868,,,,,,,,,,,,,,,,,,,,,,,,,,,,,,,,,,,,,,,,,,
970,3.3333,43.5333,13.8,"(0.723748, 0.0421531, 0.688776)",305,600.0,<pygplates.pygplates.Feature object at 0x00000290703942E0>,,,1.8049128344917467,39.771870615075315,,,,,,,,,,,,,,,,,,,,,,,,,,,,,,,,,,,,,,,,,,,,
2143,3.8333,39.9333,8.45,"(0.765077, 0.051263, 0.641895)",3201,600.0,<pygplates.pygplates.Feature object at 0x00000290703940B0>,3.304756409523687,38.563429700768445,,,,,,,,,,,,,,,,,,,,,,,,,,,,,,,,,,,,,,,,,,,,,,
2142,4.25,39.8333,8.45,"(0.7658, 0.0569088, 0.640556)",3201,600.0,<pygplates.pygplates.Feature object at 0x0000029070394190>,3.7159144033080485,38.46987774084873,,,,,,,,,,,,,,,,,,,,,,,,,,,,,,,,,,,,,,,,,,,,,,
605,5.6333,48.75,160.4,"(0.656162, 0.0647222, 0.75184)",375,600.0,<pygplates.pygplates.Feature object at 0x0000029070394040>,,,,,,,,,,,,,,,,,,,,,,,,,,,,,,,,,30.26230200062917,34.900033230063904,,,,,,,,,,,,,,
1153,5.7333,46.1833,154.7,"(0.68889, 0.0691648, 0.721558)",305,600.0,<pygplates.pygplates.Feature object at 0x0000029070392BA0>,,,,,,,,,,,,,,,,,,,,,,,,,,,,,,,32.32157842041249,31.656550395393726,,,,,,,,,,,,,,,,
3373,6.1667,47.1333,160.4,"(0.676359, 0.0730783, 0.732938)",305,600.0,<pygplates.pygplates.Feature object at 0x0000029070392EB0>,,,,,,,,,,,,,,,,,,,,,,,,,,,,,,,,,31.423551985496108,33.551119916810826,,,,,,,,,,,,,,
3469,6.1667,47.1333,160.4,"(0.676359, 0.0730783, 0.732938)",305,600.0,<pygplates.pygplates.Feature object at 0x0000029070392F20>,,,,,,,,,,,,,,,,,,,,,,,,,,,,,,,,,31.423551985496108,33.551119916810826,,,,,,,,,,,,,,
2833,6.3333,43.5,145.95,"(0.720947, 0.0800175, 0.688355)",305,600.0,<pygplates.pygplates.Feature object at 0x0000029070392D60>,,,,,,,,,,,,,,,,,,,,,,,,,,,,,35.79234340608318,28.374965379266563,,,,,,,,,,,,,,,,,,
528,7.15,47.3333,160.4,"(0.672462, 0.0843556, 0.735309)",305,600.0,<pygplates.pygplates.Feature object at 0x0000029070392E40>,,,,,,,,,,,,,,,,,,,,,,,,,,,,,,,,,32.068592604538026,33.996422528076735,,,,,,,,,,,,,,
529,7.3167,47.3,160.4,"(0.672638, 0.0863662, 0.734915)",305,600.0,<pygplates.pygplates.Feature object at 0x0000029070392DD0>,,,,,,,,,,,,,,,,,,,,,,,,,,,,,,,,,32.20970627708511,34.010413449064835,,,,,,,,,,,,,,
530,7.6333,47.45,160.4,"(0.670241, 0.0898257, 0.736687)",305,600.0,<pygplates.pygplates.Feature object at 0x0000029070392F90>,,,,,,,,,,,,,,,,,,,,,,,,,,,,,,,,,32.375761916580686,34.23305628845838,,,,,,,,,,,,,,
882,8.2,44.3667,25.55,"(0.70757, 0.101962, 0.699248)",344,330.0,<pygplates.pygplates.Feature object at 0x0000029070392C80>,,,,,5.875611426274807,39.51500553766478,,,,,,,,,,,,,,,,,,,,,,,,,,,,,,,,,,,,,,,,,,
693,8.2667,44.4,25.55,"(0.707049, 0.102728, 0.699663)",344,330.0,<pygplates.pygplates.Feature object at 0x0000029070392CF0>,,,,,5.933263767281359,39.5524773055746,,,,,,,,,,,,,,,,,,,,,,,,,,,,,,,,,,,,,,,,,,
883,8.4667,44.6833,25.55,"(0.703256, 0.104684, 0.703187)",307,319.0,<pygplates.pygplates.Feature object at 0x0000029070392C10>,,,,,7.495461970585506,38.33217009082478,,,,,,,,,,,,,,,,,,,,,,,,,,,,,,,,,,,,,,,,,,
1992,9.1667,41.4167,17.1,"(0.740341, 0.119468, 0.66153)",3061,600.0,<pygplates.pygplates.Feature object at 0x0000029070392040>,,,7.462088802204212,37.864308234463266,,,,,,,,,,,,,,,,,,,,,,,,,,,,,,,,,,,,,,,,,,,,
2598,9.1667,41.4167,19.5,"(0.740341, 0.119468, 0.66153)",3061,600.0,<pygplates.pygplates.Feature object at 0x0000029070392AC0>,,,7.462088802204212,37.864308234463266,,,,,,,,,,,,,,,,,,,,,,,,,,,,,,,,,,,,,,,,,,,,
4334,9.35,40.15,157.8,"(0.754204, 0.124182, 0.644791)",3062,600.0,<pygplates.pygplates.Feature object at 0x00000290703927B0>,,,,,,,,,,,,,,,,,,,,,,,,,,,,,,,26.78423835363005,23.45197023188635,,,,,,,,,,,,,,,,
4236,9.37,40.16,148.55,"(0.75405, 0.124426, 0.644924)",3062,600.0,<pygplates.pygplates.Feature object at 0x0000029070392A50>,,,,,,,,,,,,,,,,,,,,,,,,,,,,,28.23275205285962,23.526140739119146,,,,,,,,,,,,,,,,,,
1993,9.5,42.1,14.9,"(0.7318, 0.122461, 0.670427)",3061,600.0,<pygplates.pygplates.Feature object at 0x00000290703929E0>,,,7.724483669166586,38.56159492436023,,,,,,,,,,,,,,,,,,,,,,,,,,,,,,,,,,,,,,,,,,,,
1950,10.2167,47.4167,122.5,"(0.665932, 0.120021, 0.736294)",305,600.0,<pygplates.pygplates.Feature object at 0x0000029070392900>,,,,,,,,,,,,,,,,,,,,,,,,,38.42828549988145,34.51437645407156,,,,,,,,,,,,,,,,,,,,,,
965,10.45,43.4333,6.3,"(0.714131, 0.131712, 0.68751)",307,319.0,<pygplates.pygplates.Feature object at 0x0000029070392970>,9.910019445808409,41.837625510032424,,,,,,,,,,,,,,,,,,,,,,,,,,,,,,,,,,,,,,,,,,,,,,
964,10.8667,43.4,6.3,"(0.713546, 0.136977, 0.687088)",307,319.0,<pygplates.pygplates.Feature object at 0x0000029070392890>,10.316776455577969,41.808579794226105,,,,,,,,,,,,,,,,,,,,,,,,,,,,,,,,,,,,,,,,,,,,,,
4085,11.12,45.35,51.9,"(0.68958, 0.13554, 0.711413)",307,319.0,<pygplates.pygplates.Feature object at 0x0000029070392820>,,,,,,,,,,,15.268714149332327,30.34404112824102,,,,,,,,,,,,,,,,,,,,,,,,,,,,,,,,,,,,
3556,11.1333,45.75,172.2,"(0.684658, 0.134738, 0.716302)",307,319.0,<pygplates.pygplates.Feature object at 0x0000029070392740>,,,,,,,,,,,,,,,,,,,,,,,,,,,,,,,,,,,31.804006723452538,26.24815487861937,,,,,,,,,,,,
683,11.5333,45.5333,31.0,"(0.686351, 0.140055, 0.713658)",307,319.0,<pygplates.pygplates.Feature object at 0x00000290703926D0>,,,,,,,10.784068406962398,37.29984548964743,,,,,,,,,,,,,,,,,,,,,,,,,,,,,,,,,,,,,,,,
3569,11.6,45.7667,29.0,"(0.683334, 0.140268, 0.716505)",307,319.0,<pygplates.pygplates.Feature object at 0x0000029070392660>,,,,,10.288843246709773,39.48042603432242,,,,,,,,,,,,,,,,,,,,,,,,,,,,,,,,,,,,,,,,,,
3570,11.6,45.7667,31.0,"(0.683334, 0.140268, 0.716505)",307,319.0,<pygplates.pygplates.Feature object at 0x00000290703925F0>,,,,,,,10.83692893887694,37.5341250338592,,,,,,,,,,,,,,,,,,,,,,,,,,,,,,,,,,,,,,,,
4312,11.941,48.887,154.7,"(0.643318, 0.136049, 0.753414)",305,600.0,<pygplates.pygplates.Feature object at 0x0000029070392580>,,,,,,,,,,,,,,,,,,,,,,,,,,,,,,,36.26322593578379,35.40690776163967,,,,,,,,,,,,,,,,
1730,12.15,47.2,35.95,"(0.664222, 0.143003, 0.73373)",308,319.0,<pygplates.pygplates.Feature object at 0x0000029070392510>,,,,,,,11.55942110653589,39.17795796010377,,,,,,,,,,,,,,,,,,,,,,,,,,,,,,,,,,,,,,,,
1149,12.5,46.0833,160.4,"(0.67717, 0.150125, 0.720349)",307,319.0,<pygplates.pygplates.Feature object at 0x00000290703924A0>,,,,,,,,,,,,,,,,,,,,,,,,,,,,,,,,,33.534264693694745,23.041318020707706,,,,,,,,,,,,,,
806,12.5833,35.5,6.3,"(0.794561, 0.177362, 0.580703)",7701,600.0,<pygplates.pygplates.Feature object at 0x0000029070392430>,12.135236195597571,33.92778289340969,,,,,,,,,,,,,,,,,,,,,,,,,,,,,,,,,,,,,,,,,,,,,,
1150,12.5833,46.25,154.7,"(0.674903, 0.150652, 0.722364)",307,319.0,<pygplates.pygplates.Feature object at 0x00000290703923C0>,,,,,,,,,,,,,,,,,,,,,,,,,,,,,,,34.69578939992766,22.715669385987457,,,,,,,,,,,,,,,,
966,12.8,37.8,6.3,"(0.770519, 0.175058, 0.612907)",323,600.0,<pygplates.pygplates.Feature object at 0x0000029070392350>,12.314797966412364,36.155630721045256,,,,,,,,,,,,,,,,,,,,,,,,,,,,,,,,,,,,,,,,,,,,,,
1729,12.8833,47.1667,35.95,"(0.662753, 0.151587, 0.733335)",308,319.0,<pygplates.pygplates.Feature object at 0x0000029070392120>,,,,,,,12.203125054157784,39.15709828312181,,,,,,,,,,,,,,,,,,,,,,,,,,,,,,,,,,,,,,,,
1138,13.4167,38.1667,154.25,"(0.764759, 0.182427, 0.617952)",323,600.0,<pygplates.pygplates.Feature object at 0x0000029070392270>,,,,,,,,,,,,,,,,,,,,,,,,,,,,,,,28.21946123528611,16.9236158233516,,,,,,,,,,,,,,,,
3634,13.5167,45.9667,44.55,"(0.675824, 0.162459, 0.718936)",307,319.0,<pygplates.pygplates.Feature object at 0x0000029070392200>,,,,,,,,,14.688962123903641,34.12352432896152,,,,,,,,,,,,,,,,,,,,,,,,,,,,,,,,,,,,,,
967,13.5667,37.8833,6.3,"(0.767241, 0.185143, 0.614055)",323,600.0,<pygplates.pygplates.Feature object at 0x00000290703922E0>,13.065368587227061,36.23717738892224,,,,,,,,,,,,,,,,,,,,,,,,,,,,,,,,,,,,,,,,,,,,,,
4039,13.6,41.5,148.55,"(0.727956, 0.176111, 0.66262)",307,319.0,<pygplates.pygplates.Feature object at 0x00000290703920B0>,,,,,,,,,,,,,,,,,,,,,,,,,,,,,34.202752459573446,16.719211954928674,,,,,,,,,,,,,,,,,,
470,13.6167,47.55,151.15,"(0.655975, 0.1589, 0.737867)",334,319.0,<pygplates.pygplates.Feature object at 0x0000029070392190>,,,,,,,,,,,,,,,,,,,,,,,,,,,,,,,34.2396446520034,26.82612457544538,,,,,,,,,,,,,,,,
507,13.6167,46.0833,157.3,"(0.674116, 0.163294, 0.720349)",308,319.0,<pygplates.pygplates.Feature object at 0x0000029070392B30>,,,,,,,,,,,,,,,,,,,,,,,,,,,,,,,36.2115573798509,22.709842847417594,,,,,,,,,,,,,,,,
3637,13.8667,45.85,51.9,"(0.676239, 0.166935, 0.717519)",307,319.0,<pygplates.pygplates.Feature object at 0x000002907038FF20>,,,,,,,,,,,17.5516647127413,30.612015255773866,,,,,,,,,,,,,,,,,,,,,,,,,,,,,,,,,,,,
3507,13.9,45.9167,157.3,"(0.675331, 0.167127, 0.718329)",308,319.0,<pygplates.pygplates.Feature object at 0x000002907038FEB0>,,,,,,,,,,,,,,,,,,,,,,,,,,,,,,,36.270980095377375,22.45790223549865,,,,,,,,,,,,,,,,
247,13.9167,47.5833,154.7,"(0.654718, 0.162229, 0.738259)",334,319.0,<pygplates.pygplates.Feature object at 0x000002907038FC80>,,,,,,,,,,,,,,,,,,,,,,,,,,,,,,,34.46004306490765,26.7679866428529,,,,,,,,,,,,,,,,
524,13.9167,46.3667,231.5,"(0.669785, 0.165962, 0.723771)",308,319.0,<pygplates.pygplates.Feature object at 0x000002907038FD60>,,,,,,,,,,,,,,,,,,,,,,,,,,,,,,,,,,,,,,,,,,,,,,,27.446720317585957,11.568224627461369
248,13.9833,47.5833,154.7,"(0.654529, 0.16299, 0.738259)",334,319.0,<pygplates.pygplates.Feature object at 0x000002907038FE40>,,,,,,,,,,,,,,,,,,,,,,,,,,,,,,,34.505365118247866,26.748484127263925,,,,,,,,,,,,,,,,
3702,14.0,45.7333,63.8,"(0.677266, 0.168861, 0.716099)",307,319.0,<pygplates.pygplates.Feature object at 0x000002907038FDD0>,,,,,,,,,,,,,19.861510687340246,29.32228302439946,,,,,,,,,,,,,,,,,,,,,,,,,,,,,,,,,,
2948,14.075,42.125,31.95,"(0.719417, 0.180371, 0.67075)",307,319.0,<pygplates.pygplates.Feature object at 0x000002907038FF90>,,,,,,,13.13592111568086,33.93500075643742,,,,,,,,,,,,,,,,,,,,,,,,,,,,,,,,,,,,,,,,
968,14.1,37.8,6.3,"(0.766349, 0.192494, 0.612907)",323,600.0,<pygplates.pygplates.Feature object at 0x000002907038FCF0>,13.586975614358405,36.15282837592483,,,,,,,,,,,,,,,,,,,,,,,,,,,,,,,,,,,,,,,,,,,,,,
1272,14.1,37.9667,148.55,"(0.764616, 0.192058, 0.615203)",323,600.0,<pygplates.pygplates.Feature object at 0x000002907038F040>,,,,,,,,,,,,,,,,,,,,,,,,,,,,,30.653144690970553,14.83272201554794,,,,,,,,,,,,,,,,,,
1171,14.2,45.9333,157.3,"(0.674245, 0.17061, 0.718531)",308,319.0,<pygplates.pygplates.Feature object at 0x000002907038FC10>,,,,,,,,,,,,,,,,,,,,,,,,,,,,,,,36.461403465357044,22.344641754865055,,,,,,,,,,,,,,,,
2090,14.2,47.5667,63.8,"(0.654115, 0.165517, 0.738063)",334,319.0,<pygplates.pygplates.Feature object at 0x000002907038FBA0>,,,,,,,,,,,,,16.59259471375834,32.85714311302744,,,,,,,,,,,,,,,,,,,,,,,,,,,,,,,,,,
3506,14.3167,45.8833,157.3,"(0.674503, 0.172138, 0.717923)",308,319.0,<pygplates.pygplates.Feature object at 0x000002907038FB30>,,,,,,,,,,,,,,,,,,,,,,,,,,,,,,,36.49864360965505,22.255723586343034,,,,,,,,,,,,,,,,
3115,14.3333,38.0,8.45,"(0.763482, 0.195082, 0.615661)",323,600.0,<pygplates.pygplates.Feature object at 0x000002907038FAC0>,13.815819584980165,36.35241276380101,,,,,,,,,,,,,,,,,,,,,,,,,,,,,,,,,,,,,,,,,,,,,,
678,14.5833,37.75,8.45,"(0.765216, 0.199086, 0.612217)",323,600.0,<pygplates.pygplates.Feature object at 0x000002907038F9E0>,14.059796919968745,36.10199815808056,,,,,,,,,,,,,,,,,,,,,,,,,,,,,,,,,,,,,,,,,,,,,,
508,14.75,45.9167,157.3,"(0.672777, 0.177127, 0.718329)",308,319.0,<pygplates.pygplates.Feature object at 0x000002907038FA50>,,,,,,,,,,,,,,,,,,,,,,,,,,,,,,,36.780238202822254,22.100658830872216,,,,,,,,,,,,,,,,
3158,14.8833,45.0333,151.15,"(0.682987, 0.181516, 0.707518)",307,319.0,<pygplates.pygplates.Feature object at 0x000002907038F970>,,,,,,,,,,,,,,,,,,,,,,,,,,,,,,,35.14478878627615,20.74295567883771,,,,,,,,,,,,,,,,
3159,14.9333,44.9167,154.7,"(0.684218, 0.182482, 0.706078)",307,319.0,<pygplates.pygplates.Feature object at 0x000002907038F900>,,,,,,,,,,,,,,,,,,,,,,,,,,,,,,,35.09324733752332,20.63105550698523,,,,,,,,,,,,,,,,
3505,15.0167,45.8167,157.3,"(0.673155, 0.180582, 0.717114)",308,319.0,<pygplates.pygplates.Feature object at 0x000002907038F820>,,,,,,,,,,,,,,,,,,,,,,,,,,,,,,,36.875734719643134,21.909218723083676,,,,,,,,,,,,,,,,
730,15.1333,37.1833,9.45,"(0.769077, 0.207993, 0.604367)",323,600.0,<pygplates.pygplates.Feature object at 0x000002907038F7B0>,14.596859858142532,35.53449358984734,,,,,,,,,,,,,,,,,,,,,,,,,,,,,,,,,,,,,,,,,,,,,,
729,15.1833,37.1667,21.7,"(0.769064, 0.208709, 0.604136)",323,600.0,<pygplates.pygplates.Feature object at 0x000002907038F740>,,,,,13.9381339074812,30.768402685147734,,,,,,,,,,,,,,,,,,,,,,,,,,,,,,,,,,,,,,,,,,
3114,15.2333,38.2333,8.15,"(0.757898, 0.206389, 0.618865)",323,600.0,<pygplates.pygplates.Feature object at 0x000002907038F6D0>,14.696864963085634,36.58436169816506,,,,,,,,,,,,,,,,,,,,,,,,,,,,,,,,,,,,,,,,,,,,,,
509,15.2833,45.6333,157.3,"(0.674519, 0.184316, 0.714879)",308,319.0,<pygplates.pygplates.Feature object at 0x000002907038F660>,,,,,,,,,,,,,,,,,,,,,,,,,,,,,,,36.91833327517562,21.650937650005176,,,,,,,,,,,,,,,,
657,15.3333,47.7167,63.8,"(0.648848, 0.17791, 0.739827)",334,319.0,<pygplates.pygplates.Feature object at 0x000002907038F5F0>,,,,,,,,,,,,,17.491435476101117,33.04865115092983,,,,,,,,,,,,,,,,,,,,,,,,,,,,,,,,,,
3907,15.5333,46.7667,14.9,"(0.659952, 0.183434, 0.728571)",334,319.0,<pygplates.pygplates.Feature object at 0x000002907038F580>,,,10.940575913059476,42.71624021339707,,,,,,,,,,,,,,,,,,,,,,,,,,,,,,,,,,,,,,,,,,,,
3116,15.55,45.5,151.15,"(0.675254, 0.187899, 0.71325)",308,319.0,<pygplates.pygplates.Feature object at 0x000002907038F510>,,,,,,,,,,,,,,,,,,,,,,,,,,,,,,,36.994267030410384,21.432668849143795,,,,,,,,,,,,,,,,
2804,15.7167,46.5,14.9,"(0.662619, 0.186462, 0.725374)",334,319.0,<pygplates.pygplates.Feature object at 0x000002907038F4A0>,,,11.183604980746232,42.48175216571225,,,,,,,,,,,,,,,,,,,,,,,,,,,,,,,,,,,,,,,,,,,,
1994,15.8667,38.3833,8.15,"(0.754009, 0.214311, 0.620919)",322,600.0,<pygplates.pygplates.Feature object at 0x000002907038F430>,15.16957438200806,37.22688357872337,,,,,,,,,,,,,,,,,,,,,,,,,,,,,,,,,,,,,,,,,,,,,,
658,16.0,47.7333,63.8,"(0.646528, 0.185389, 0.740022)",334,319.0,<pygplates.pygplates.Feature object at 0x000002907038F3C0>,,,,,,,,,,,,,18.024490244739994,33.09188702903326,,,,,,,,,,,,,,,,,,,,,,,,,,,,,,,,,,
603,16.0333,41.7833,145.95,"(0.716665, 0.205951, 0.666315)",307,319.0,<pygplates.pygplates.Feature object at 0x000002907038F350>,,,,,,,,,,,,,,,,,,,,,,,,,,,,,35.760286424263256,15.64712473347928,,,,,,,,,,,,,,,,,,
602,16.08,41.5,154.25,"(0.719653, 0.207445, 0.66262)",3323,600.0,<pygplates.pygplates.Feature object at 0x000002907038F120>,,,,,,,,,,,,,,,,,,,,,,,,,,,,,,,31.947755201642373,18.866596458411635,,,,,,,,,,,,,,,,
3113,16.1167,38.6833,8.45,"(0.749933, 0.216694, 0.625015)",322,600.0,<pygplates.pygplates.Feature object at 0x000002907038F270>,15.40594965900951,37.53178278538144,,,,,,,,,,,,,,,,,,,,,,,,,,,,,,,,,,,,,,,,,,,,,,
639,16.2,45.4333,57.6,"(0.673876, 0.195779, 0.712434)",308,319.0,<pygplates.pygplates.Feature object at 0x000002907038F200>,,,,,,,,,,,19.981633830254832,30.3785345243414,,,,,,,,,,,,,,,,,,,,,,,,,,,,,,,,,,,,
2767,16.2,45.4333,63.8,"(0.673876, 0.195779, 0.712434)",308,319.0,<pygplates.pygplates.Feature object at 0x000002907038F2E0>,,,,,,,,,,,,,22.15708744646938,29.078847828246182,,,,,,,,,,,,,,,,,,,,,,,,,,,,,,,,,,
2666,16.25,46.0,66.85,"(0.666907, 0.194386, 0.71934)",328,319.0,<pygplates.pygplates.Feature object at 0x000002907038F0B0>,,,,,,,,,,,,,19.931803197192085,31.545834670915575,,,,,,,,,,,,,,,,,,,,,,,,,,,,,,,,,,
2070,16.3833,48.5,148.55,"(0.635715, 0.1869, 0.748956)",302,600.0,<pygplates.pygplates.Feature object at 0x000002907038F190>,,,,,,,,,,,,,,,,,,,,,,,,,,,,,43.02631691619399,34.330326780570566,,,,,,,,,,,,,,,,,,
452,16.8167,48.9,148.55,"(0.629263, 0.190186, 0.753563)",302,600.0,<pygplates.pygplates.Feature object at 0x000002907038F890>,,,,,,,,,,,,,,,,,,,,,,,,,,,,,43.282187787102984,34.774635455253005,,,,,,,,,,,,,,,,,,
3118,17.7167,44.1833,151.15,"(0.683103, 0.218225, 0.696956)",308,319.0,<pygplates.pygplates.Feature object at 0x0000029070391EB0>,,,,,,,,,,,,,,,,,,,,,,,,,,,,,,,37.50263478209236,19.466312650318056,,,,,,,,,,,,,,,,
640,18.0833,44.6833,49.95,"(0.675885, 0.220695, 0.703187)",308,319.0,<pygplates.pygplates.Feature object at 0x0000029070391D60>,,,,,,,,,19.09385371539581,33.143414895881406,,,,,,,,,,,,,,,,,,,,,,,,,,,,,,,,,,,,,,
3207,18.09,49.03,169.3,"(0.623254, 0.203591, 0.755053)",302,600.0,<pygplates.pygplates.Feature object at 0x0000029070391F20>,,,,,,,,,,,,,,,,,,,,,,,,,,,,,,,,,39.36625316375696,38.62961289652684,,,,,,,,,,,,,,
453,18.1167,49.5833,148.55,"(0.6162, 0.201604, 0.761349)",302,600.0,<pygplates.pygplates.Feature object at 0x0000029070391E40>,,,,,,,,,,,,,,,,,,,,,,,,,,,,,44.150467308219284,35.60146976401147,,,,,,,,,,,,,,,,,,
1600,18.1333,29.75,31.0,"(0.82508, 0.270208, 0.496217)",715,600.0,<pygplates.pygplates.Feature object at 0x0000029070391DD0>,,,,,,,17.274445064352136,21.66630048749321,,,,,,,,,,,,,,,,,,,,,,,,,,,,,,,,,,,,,,,,
1143,18.25,46.1667,142.4,"(0.657726, 0.216886, 0.721358)",337,319.0,<pygplates.pygplates.Feature object at 0x0000029070391F90>,,,,,,,,,,,,,,,,,,,,,,,,,,,,,37.77392732989455,22.853412419680147,,,,,,,,,,,,,,,,,,
1144,18.25,46.1667,132.4,"(0.657726, 0.216886, 0.721358)",337,319.0,<pygplates.pygplates.Feature object at 0x0000029070391CF0>,,,,,,,,,,,,,,,,,,,,,,,,,,,39.42009236195911,22.0826711349792,,,,,,,,,,,,,,,,,,,,
1145,18.25,46.1667,106.75,"(0.657726, 0.216886, 0.721358)",337,319.0,<pygplates.pygplates.Feature object at 0x0000029070391C80>,,,,,,,,,,,,,,,,,,,,,31.848787754991555,29.968265978109585,,,,,,,,,,,,,,,,,,,,,,,,,,
3117,18.3,43.75,151.15,"(0.685831, 0.226817, 0.691513)",308,319.0,<pygplates.pygplates.Feature object at 0x0000029070391C10>,,,,,,,,,,,,,,,,,,,,,,,,,,,,,,,37.60440959728161,18.87069687896674,,,,,,,,,,,,,,,,
512,18.3333,43.2,154.7,"(0.691968, 0.229293, 0.684547)",308,319.0,<pygplates.pygplates.Feature object at 0x0000029070391BA0>,,,,,,,,,,,,,,,,,,,,,,,,,,,,,,,37.29511331940076,18.404659470602954,,,,,,,,,,,,,,,,
3205,18.3833,39.8667,6.65,"(0.728369, 0.24206, 0.641004)",3307,600.0,<pygplates.pygplates.Feature object at 0x0000029070391B30>,17.733026997383906,38.366451551664575,,,,,,,,,,,,,,,,,,,,,,,,,,,,,,,,,,,,,,,,,,,,,,
687,18.4333,40.0,26.25,"(0.726741, 0.242224, 0.642788)",3307,600.0,<pygplates.pygplates.Feature object at 0x0000029070391AC0>,,,,,16.817646257115968,33.92140523506562,,,,,,,,,,,,,,,,,,,,,,,,,,,,,,,,,,,,,,,,,,
660,18.45,49.1333,57.6,"(0.62067, 0.207071, 0.756234)",302,600.0,<pygplates.pygplates.Feature object at 0x0000029070391A50>,,,,,,,,,,,18.617704906642512,39.033348594101135,,,,,,,,,,,,,,,,,,,,,,,,,,,,,,,,,,,,
3304,18.5667,49.75,148.55,"(0.612496, 0.205731, 0.763232)",302,600.0,<pygplates.pygplates.Feature object at 0x00000290703919E0>,,,,,,,,,,,,,,,,,,,,,,,,,,,,,44.46411580809097,35.820008183626804,,,,,,,,,,,,,,,,,,
513,18.6333,42.9333,157.3,"(0.69377, 0.233928, 0.681147)",308,319.0,<pygplates.pygplates.Feature object at 0x0000029070391970>,,,,,,,,,,,,,,,,,,,,,,,,,,,,,,,37.32609933122999,18.060716191960754,,,,,,,,,,,,,,,,
659,18.6667,49.2333,57.6,"(0.618631, 0.208995, 0.757375)",302,600.0,<pygplates.pygplates.Feature object at 0x0000029070391900>,,,,,,,,,,,18.78175914863431,39.15103738041608,,,,,,,,,,,,,,,,,,,,,,,,,,,,,,,,,,,,
661,18.6667,49.2333,63.8,"(0.618631, 0.208995, 0.757375)",302,600.0,<pygplates.pygplates.Feature object at 0x0000029070391890>,,,,,,,,,,,,,21.293740840375776,38.318116238040325,,,,,,,,,,,,,,,,,,,,,,,,,,,,,,,,,,
3935,18.6667,49.2333,74.8,"(0.618631, 0.208995, 0.757375)",302,600.0,<pygplates.pygplates.Feature object at 0x0000029070391820>,,,,,,,,,,,,,,,23.289247396120416,39.20282708149363,,,,,,,,,,,,,,,,,,,,,,,,,,,,,,,,
514,18.7,42.9167,168.8,"(0.693684, 0.234799, 0.680934)",308,319.0,<pygplates.pygplates.Feature object at 0x00000290703917B0>,,,,,,,,,,,,,,,,,,,,,,,,,,,,,,,,,36.5213716660681,18.51418542657801,,,,,,,,,,,,,,
1151,18.75,42.5,154.7,"(0.69815, 0.23699, 0.67559)",307,319.0,<pygplates.pygplates.Feature object at 0x0000029070391740>,,,,,,,,,,,,,,,,,,,,,,,,,,,,,,,35.75578960375481,17.01806863744266,,,,,,,,,,,,,,,,
515,19.1667,42.9167,145.95,"(0.691749, 0.240442, 0.680934)",308,319.0,<pygplates.pygplates.Feature object at 0x00000290703916D0>,,,,,,,,,,,,,,,,,,,,,,,,,,,,,39.73102691382614,15.442176175843034,,,,,,,,,,,,,,,,,,
511,19.4333,42.6167,154.25,"(0.693975, 0.244841, 0.67709)",308,319.0,<pygplates.pygplates.Feature object at 0x0000029070391660>,,,,,,,,,,,,,,,,,,,,,,,,,,,,,,,37.64921008490709,17.468789035830692,,,,,,,,,,,,,,,,
212,19.8333,39.75,204.9,"(0.723237, 0.260856, 0.639439)",3446,330.0,<pygplates.pygplates.Feature object at 0x00000290703915F0>,,,,,,,,,,,,,,,,,,,,,,,,,,,,,,,,,,,,,,,,,26.947866961364117,21.011893280870527,,,,,,
3489,20.2,50.85,154.7,"(0.59252, 0.218005, 0.775496)",302,600.0,<pygplates.pygplates.Feature object at 0x0000029070391580>,,,,,,,,,,,,,,,,,,,,,,,,,,,,,,,41.80520634315068,38.96740434170403,,,,,,,,,,,,,,,,
523,20.4167,44.6667,148.55,"(0.66653, 0.248102, 0.702981)",328,319.0,<pygplates.pygplates.Feature object at 0x0000029070391510>,,,,,,,,,,,,,,,,,,,,,,,,,,,,,41.12749729649343,19.07459349458592,,,,,,,,,,,,,,,,,,
747,20.4333,49.3833,57.6,"(0.610034, 0.227273, 0.759082)",302,600.0,<pygplates.pygplates.Feature object at 0x00000290703914A0>,,,,,,,,,,,20.230385318232535,39.45531199106907,,,,,,,,,,,,,,,,,,,,,,,,,,,,,,,,,,,,
630,20.4667,50.8167,154.7,"(0.591921, 0.220918, 0.775129)",302,600.0,<pygplates.pygplates.Feature object at 0x0000029070391430>,,,,,,,,,,,,,,,,,,,,,,,,,,,,,,,42.02337551238079,38.99421826458157,,,,,,,,,,,,,,,,
3227,20.8,50.4667,14.9,"(0.595041, 0.226035, 0.771255)",302,600.0,<pygplates.pygplates.Feature object at 0x00000290703913C0>,,,17.55236440116803,47.509352274704305,,,,,,,,,,,,,,,,,,,,,,,,,,,,,,,,,,,,,,,,,,,,
632,20.9833,50.0167,154.7,"(0.599953, 0.2301, 0.766232)",302,600.0,<pygplates.pygplates.Feature object at 0x0000029070391350>,,,,,,,,,,,,,,,,,,,,,,,,,,,,,,,42.772449118060656,38.35674773715123,,,,,,,,,,,,,,,,
522,21.2833,43.1167,148.55,"(0.680177, 0.264962, 0.683487)",349,230.0,<pygplates.pygplates.Feature object at 0x0000029070391120>,,,,,,,,,,,,,,,,,,,,,,,,,,,,,48.1425828105396,29.66069090820142,,,,,,,,,,,,,,,,,,
631,21.5167,50.0667,154.7,"(0.597162, 0.23543, 0.766792)",302,600.0,<pygplates.pygplates.Feature object at 0x0000029070391270>,,,,,,,,,,,,,,,,,,,,,,,,,,,,,,,43.16080313870673,38.52204325591673,,,,,,,,,,,,,,,,
519,21.5333,43.9,148.55,"(0.67026, 0.264472, 0.693402)",349,230.0,<pygplates.pygplates.Feature object at 0x0000029070391200>,,,,,,,,,,,,,,,,,,,,,,,,,,,,,48.17578244820708,30.464188125196355,,,,,,,,,,,,,,,,,,
516,21.9167,44.4,148.55,"(0.662836, 0.266683, 0.699663)",349,230.0,<pygplates.pygplates.Feature object at 0x00000290703912E0>,,,,,,,,,,,,,,,,,,,,,,,,,,,,,48.377359829175276,31.007931605238834,,,,,,,,,,,,,,,,,,
520,21.95,43.875,148.55,"(0.668599, 0.269453, 0.693087)",349,230.0,<pygplates.pygplates.Feature object at 0x00000290703910B0>,,,,,,,,,,,,,,,,,,,,,,,,,,,,,48.523311624118946,30.497574796229536,,,,,,,,,,,,,,,,,,
517,22.2667,44.0167,148.55,"(0.665511, 0.272494, 0.694868)",349,230.0,<pygplates.pygplates.Feature object at 0x0000029070391190>,,,,,,,,,,,,,,,,,,,,,,,,,,,,,48.75107671651073,30.680960283499903,,,,,,,,,,,,,,,,,,
518,22.3833,43.8167,148.55,"(0.667194, 0.27477, 0.692354)",319,600.0,<pygplates.pygplates.Feature object at 0x0000029070391040>,,,,,,,,,,,,,,,,,,,,,,,,,,,,,48.89222532936279,30.501261579747485,,,,,,,,,,,,,,,,,,
521,22.5833,42.9167,148.55,"(0.67619, 0.281239, 0.680934)",349,230.0,<pygplates.pygplates.Feature object at 0x0000029070390EB0>,,,,,,,,,,,,,,,,,,,,,,,,,,,,,49.2601632489974,29.64700169099939,,,,,,,,,,,,,,,,,,
1625,23.25,43.5833,14.9,"(0.665547, 0.285942, 0.689408)",319,600.0,<pygplates.pygplates.Feature object at 0x0000029070390D60>,,,20.667931224242047,40.787728242349594,,,,,,,,,,,,,,,,,,,,,,,,,,,,,,,,,,,,,,,,,,,,
1096,23.2833,47.25,31.0,"(0.62352, 0.268315, 0.734323)",337,319.0,<pygplates.pygplates.Feature object at 0x0000029070390F20>,,,,,,,14.890227449669123,40.7614601512759,,,,,,,,,,,,,,,,,,,,,,,,,,,,,,,,,,,,,,,,
2822,23.4167,38.9167,151.15,"(0.713978, 0.309213, 0.62819)",346,330.0,<pygplates.pygplates.Feature object at 0x0000029070390E40>,,,,,,,,,,,,,,,,,,,,,,,,,,,,,,,35.887302418673535,14.090970134827371,,,,,,,,,,,,,,,,
1624,23.5,43.5,14.9,"(0.665212, 0.289242, 0.688355)",319,600.0,<pygplates.pygplates.Feature object at 0x0000029070390DD0>,,,20.9151704534765,40.71916124793163,,,,,,,,,,,,,,,,,,,,,,,,,,,,,,,,,,,,,,,,,,,,
3282,23.6,35.5833,9.45,"(0.745251, 0.325592, 0.581886)",347,300.0,<pygplates.pygplates.Feature object at 0x0000029070390F90>,22.951207510596678,34.61524557158178,,,,,,,,,,,,,,,,,,,,,,,,,,,,,,,,,,,,,,,,,,,,,,
2168,23.75,49.6667,151.15,"(0.59242, 0.260671, 0.762292)",302,600.0,<pygplates.pygplates.Feature object at 0x0000029070390CF0>,,,,,,,,,,,,,,,,,,,,,,,,,,,,,,,45.06478284666657,38.653104689198756,,,,,,,,,,,,,,,,
3281,24.75,35.0333,8.45,"(0.743604, 0.342806, 0.574052)",347,300.0,<pygplates.pygplates.Feature object at 0x0000029070390C80>,24.239559633074503,34.37906379152737,,,,,,,,,,,,,,,,,,,,,,,,,,,,,,,,,,,,,,,,,,,,,,
1091,25.1667,45.5,145.95,"(0.634375, 0.298064, 0.71325)",340,319.0,<pygplates.pygplates.Feature object at 0x0000029070390C10>,,,,,,,,,,,,,,,,,,,,,,,,,,,,,42.79823499727848,19.83200212732064,,,,,,,,,,,,,,,,,,
3076,25.1667,45.5,154.7,"(0.634375, 0.298064, 0.71325)",340,319.0,<pygplates.pygplates.Feature object at 0x0000029070390BA0>,,,,,,,,,,,,,,,,,,,,,,,,,,,,,,,40.36673066587893,22.445839656782944,,,,,,,,,,,,,,,,
2167,25.3333,48.0833,154.7,"(0.603806, 0.285847, 0.744117)",302,600.0,<pygplates.pygplates.Feature object at 0x0000029070390B30>,,,,,,,,,,,,,,,,,,,,,,,,,,,,,,,47.01658999042231,37.543052934814945,,,,,,,,,,,,,,,,
726,26.7,41.8167,35.95,"(0.665813, 0.334869, 0.66675)",338,319.0,<pygplates.pygplates.Feature object at 0x0000029070390AC0>,,,,,,,23.479058242917468,37.70944108196086,,,,,,,,,,,,,,,,,,,,,,,,,,,,,,,,,,,,,,,,
2447,27.3583,26.4333,57.6,"(0.795297, 0.411509, 0.445156)",715,600.0,<pygplates.pygplates.Feature object at 0x0000029070390A50>,,,,,,,,,,,27.667972261721122,10.715051292665116,,,,,,,,,,,,,,,,,,,,,,,,,,,,,,,,,,,,
727,27.5,41.6667,35.95,"(0.662619, 0.344938, 0.664796)",338,319.0,<pygplates.pygplates.Feature object at 0x00000290703909E0>,,,,,,,24.253279218539998,37.651461037680676,,,,,,,,,,,,,,,,,,,,,,,,,,,,,,,,,,,,,,,,
2483,28.4667,45.2667,154.25,"(0.618713, 0.335468, 0.710391)",302,600.0,<pygplates.pygplates.Feature object at 0x0000029070390970>,,,,,,,,,,,,,,,,,,,,,,,,,,,,,,,50.767295000540756,35.67508826762806,,,,,,,,,,,,,,,,
219,28.5333,44.3667,157.3,"(0.62805, 0.341476, 0.699248)",319,600.0,<pygplates.pygplates.Feature object at 0x0000029070390900>,,,,,,,,,,,,,,,,,,,,,,,,,,,,,,,51.211841649428344,34.85017362760717,,,,,,,,,,,,,,,,
1701,28.6667,44.3333,160.4,"(0.627611, 0.343133, 0.698831)",319,600.0,<pygplates.pygplates.Feature object at 0x0000029070390890>,,,,,,,,,,,,,,,,,,,,,,,,,,,,,,,,,50.31306609094096,37.82678765324546,,,,,,,,,,,,,,
648,29.8333,36.3833,9.45,"(0.698376, 0.400503, 0.593184)",715,600.0,<pygplates.pygplates.Feature object at 0x0000029070390820>,29.056360308992115,35.070428556797125,,,,,,,,,,,,,,,,,,,,,,,,,,,,,,,,,,,,,,,,,,,,,,
2193,30.05,25.4667,63.8,"(0.781484, 0.4521, 0.429986)",715,600.0,<pygplates.pygplates.Feature object at 0x00000290703907B0>,,,,,,,,,,,,,30.884663971630395,8.02111894533635,,,,,,,,,,,,,,,,,,,,,,,,,,,,,,,,,,
758,30.8333,37.6667,14.9,"(0.679699, 0.405717, 0.611067)",522,600.0,<pygplates.pygplates.Feature object at 0x0000029070390740>,,,28.452157563263956,34.90001712014246,,,,,,,,,,,,,,,,,,,,,,,,,,,,,,,,,,,,,,,,,,,,
3457,31.1,37.1667,13.8,"(0.682343, 0.411616, 0.604136)",522,600.0,<pygplates.pygplates.Feature object at 0x00000290703906D0>,,,28.758808320373387,34.419135529181574,,,,,,,,,,,,,,,,,,,,,,,,,,,,,,,,,,,,,,,,,,,,
3456,31.1167,37.3,17.1,"(0.681018, 0.411087, 0.605988)",522,600.0,<pygplates.pygplates.Feature object at 0x0000029070390660>,,,28.761587250999085,34.55307742411204,,,,,,,,,,,,,,,,,,,,,,,,,,,,,,,,,,,,,,,,,,,,
3660,31.1333,29.9833,44.55,"(0.741414, 0.447837, 0.499748)",715,600.0,<pygplates.pygplates.Feature object at 0x00000290703905F0>,,,,,,,,,30.061113998146464,18.341599614795467,,,,,,,,,,,,,,,,,,,,,,,,,,,,,,,,,,,,,,
2566,31.25,37.45,13.8,"(0.678701, 0.411846, 0.608069)",522,600.0,<pygplates.pygplates.Feature object at 0x0000029070390580>,,,28.874861172377575,34.71130002124465,,,,,,,,,,,,,,,,,,,,,,,,,,,,,,,,,,,,,,,,,,,,
2568,31.45,36.9667,17.1,"(0.681611, 0.416874, 0.601351)",522,600.0,<pygplates.pygplates.Feature object at 0x0000029070390510>,,,29.11577155955133,34.24277922395896,,,,,,,,,,,,,,,,,,,,,,,,,,,,,,,,,,,,,,,,,,,,
2567,31.6167,36.7167,16.75,"(0.682623, 0.420227, 0.597859)",522,600.0,<pygplates.pygplates.Feature object at 0x00000290703904A0>,,,29.301229706956313,34.004604243146595,,,,,,,,,,,,,,,,,,,,,,,,,,,,,,,,,,,,,,,,,,,,
3455,31.6833,36.8167,17.1,"(0.681245, 0.420471, 0.599257)",522,600.0,<pygplates.pygplates.Feature object at 0x0000029070390430>,,,29.355470644543,34.108657208589094,,,,,,,,,,,,,,,,,,,,,,,,,,,,,,,,,,,,,,,,,,,,
866,33.1667,35.0833,9.45,"(0.684999, 0.447682, 0.574767)",715,600.0,<pygplates.pygplates.Feature object at 0x00000290703903C0>,32.37443887727544,33.835294049037344,,,,,,,,,,,,,,,,,,,,,,,,,,,,,,,,,,,,,,,,,,,,,,
3396,33.3667,27.6167,13.8,"(0.740016, 0.487334, 0.463554)",715,600.0,<pygplates.pygplates.Feature object at 0x0000029070390350>,,,31.96187607787696,24.051529476491577,,,,,,,,,,,,,,,,,,,,,,,,,,,,,,,,,,,,,,,,,,,,
2597,33.4667,36.8,18.2,"(0.667975, 0.441565, 0.599024)",522,600.0,<pygplates.pygplates.Feature object at 0x0000029070390120>,,,31.076723629214694,34.21096503257128,,,,,,,,,,,,,,,,,,,,,,,,,,,,,,,,,,,,,,,,,,,,
3930,33.5,27.9333,0.05,"(0.736733, 0.487633, 0.468443)",715,600.0,<pygplates.pygplates.Feature object at 0x0000029070390270>,32.898962135488006,26.693983144831662,,,,,,,,,,,,,,,,,,,,,,,,,,,,,,,,,,,,,,,,,,,,,,
685,33.5833,27.3,13.8,"(0.740291, 0.491538, 0.45865)",715,600.0,<pygplates.pygplates.Feature object at 0x0000029070390200>,,,32.191253984198426,23.746143678525772,,,,,,,,,,,,,,,,,,,,,,,,,,,,,,,,,,,,,,,,,,,,
3931,33.5833,27.65,0.05,"(0.737944, 0.489979, 0.464069)",715,600.0,<pygplates.pygplates.Feature object at 0x00000290703902E0>,32.988557061261105,26.41244066794983,,,,,,,,,,,,,,,,,,,,,,,,,,,,,,,,,,,,,,,,,,,,,,
2636,33.7333,44.55,142.4,"(0.592653, 0.395748, 0.701531)",302,600.0,<pygplates.pygplates.Feature object at 0x00000290703900B0>,,,,,,,,,,,,,,,,,,,,,,,,,,,,,58.0295419270149,33.02693142438421,,,,,,,,,,,,,,,,,,
3514,33.8667,44.65,142.4,"(0.590712, 0.396444, 0.702774)",302,600.0,<pygplates.pygplates.Feature object at 0x0000029070390190>,,,,,,,,,,,,,,,,,,,,,,,,,,,,,58.109618631412836,33.147433421580786,,,,,,,,,,,,,,,,,,
3397,33.9,26.7333,13.8,"(0.741292, 0.498128, 0.449838)",715,600.0,<pygplates.pygplates.Feature object at 0x0000029070390040>,,,32.53318993668017,23.196253568455173,,,,,,,,,,,,,,,,,,,,,,,,,,,,,,,,,,,,,,,,,,,,
4081,34.02,26.33,0.05,"(0.742854, 0.501438, 0.443541)",715,600.0,<pygplates.pygplates.Feature object at 0x000002907038CF20>,33.45392604330072,25.101655752462303,,,,,,,,,,,,,,,,,,,,,,,,,,,,,,,,,,,,,,,,,,,,,,
3443,34.1333,44.4333,145.95,"(0.591057, 0.400677, 0.700078)",302,600.0,<pygplates.pygplates.Feature object at 0x000002907038CEB0>,,,,,,,,,,,,,,,,,,,,,,,,,,,,,58.39374293438644,32.98504528567998,,,,,,,,,,,,,,,,,,
3398,34.1833,26.1167,12.7,"(0.742782, 0.504478, 0.440201)",715,600.0,<pygplates.pygplates.Feature object at 0x000002907038C890>,,,32.84595791780037,22.594969548570035,,,,,,,,,,,,,,,,,,,,,,,,,,,,,,,,,,,,,,,,,,,,
3516,34.2,44.85,142.4,"(0.586363, 0.398492, 0.705253)",302,600.0,<pygplates.pygplates.Feature object at 0x000002907038CD60>,,,,,,,,,,,,,,,,,,,,,,,,,,,,,58.32381276925758,33.40033623184442,,,,,,,,,,,,,,,,,,
3515,34.2333,45.0167,136.35,"(0.584433, 0.397677, 0.707313)",302,600.0,<pygplates.pygplates.Feature object at 0x000002907038CE40>,,,,,,,,,,,,,,,,,,,,,,,,,,,59.62180073596049,31.33358301102394,,,,,,,,,,,,,,,,,,,,
4082,34.29,25.47,0.45,"(0.745899, 0.508627, 0.430038)",715,600.0,<pygplates.pygplates.Feature object at 0x000002907038CDD0>,33.74266609760161,24.247401777968005,,,,,,,,,,,,,,,,,,,,,,,,,,,,,,,,,,,,,,,,,,,,,,
4083,34.29,25.47,0.45,"(0.745899, 0.508627, 0.430038)",715,600.0,<pygplates.pygplates.Feature object at 0x000002907038CF90>,33.74266609760161,24.247401777968005,,,,,,,,,,,,,,,,,,,,,,,,,,,,,,,,,,,,,,,,,,,,,,
681,34.3,25.95,17.1,"(0.742808, 0.506709, 0.437587)",715,600.0,<pygplates.pygplates.Feature object at 0x000002907038CCF0>,,,32.96949425704317,22.43446752744171,,,,,,,,,,,,,,,,,,,,,,,,,,,,,,,,,,,,,,,,,,,,
4289,34.3,36.54,17.1,"(0.663722, 0.45276, 0.595384)",522,600.0,<pygplates.pygplates.Feature object at 0x000002907038CC80>,,,31.9076175513351,34.008348363158746,,,,,,,,,,,,,,,,,,,,,,,,,,,,,,,,,,,,,,,,,,,,
2921,34.5,44.8333,136.35,"(0.584438, 0.401673, 0.705046)",302,600.0,<pygplates.pygplates.Feature object at 0x000002907038CC10>,,,,,,,,,,,,,,,,,,,,,,,,,,,59.875331257910915,31.184174398591587,,,,,,,,,,,,,,,,,,,,
719,34.6167,31.3167,9.45,"(0.70307, 0.485318, 0.519768)",508,600.0,<pygplates.pygplates.Feature object at 0x000002907038CBA0>,33.78071716233504,29.593552514066467,,,,,,,,,,,,,,,,,,,,,,,,,,,,,,,,,,,,,,,,,,,,,,
1981,34.6167,31.3167,14.9,"(0.70307, 0.485318, 0.519768)",508,600.0,<pygplates.pygplates.Feature object at 0x000002907038CB30>,,,32.491226828912566,26.228168462674294,,,,,,,,,,,,,,,,,,,,,,,,,,,,,,,,,,,,,,,,,,,,
1982,34.65,25.5,17.1,"(0.742503, 0.513176, 0.430511)",715,600.0,<pygplates.pygplates.Feature object at 0x000002907038CAC0>,,,33.33711340021237,22.003072614196892,,,,,,,,,,,,,,,,,,,,,,,,,,,,,,,,,,,,,,,,,,,,
720,34.8667,31.3833,14.9,"(0.70045, 0.488035, 0.520761)",508,600.0,<pygplates.pygplates.Feature object at 0x000002907038CA50>,,,32.73519587768252,26.27444982301903,,,,,,,,,,,,,,,,,,,,,,,,,,,,,,,,,,,,,,,,,,,,
3231,34.9,28.1667,9.45,"(0.723028, 0.504391, 0.472038)",503,600.0,<pygplates.pygplates.Feature object at 0x000002907038C9E0>,34.079674791600986,26.638157113783127,,,,,,,,,,,,,,,,,,,,,,,,,,,,,,,,,,,,,,,,,,,,,,
2015,34.9167,44.8167,161.7,"(0.581669, 0.40603, 0.704841)",302,600.0,<pygplates.pygplates.Feature object at 0x000002907038C970>,,,,,,,,,,,,,,,,,,,,,,,,,,,,,,,,,55.04708695037449,40.38807090842725,,,,,,,,,,,,,,
675,35.0,37.25,18.2,"(0.652047, 0.456568, 0.605294)",522,600.0,<pygplates.pygplates.Feature object at 0x000002907038C900>,,,32.50999262011419,34.763577806625264,,,,,,,,,,,,,,,,,,,,,,,,,,,,,,,,,,,,,,,,,,,,
722,35.0,32.3333,9.45,"(0.692143, 0.484644, 0.534844)",508,600.0,<pygplates.pygplates.Feature object at 0x000002907038C270>,34.187379206065025,30.601398750258856,,,,,,,,,,,,,,,,,,,,,,,,,,,,,,,,,,,,,,,,,,,,,,
1983,35.0167,24.8,17.1,"(0.743456, 0.520896, 0.419452)",715,600.0,<pygplates.pygplates.Feature object at 0x000002907038C820>,,,33.73654977615806,21.32309160000912,,,,,,,,,,,,,,,,,,,,,,,,,,,,,,,,,,,,,,,,,,,,
723,35.1,33.0,9.45,"(0.686158, 0.48224, 0.544639)",508,600.0,<pygplates.pygplates.Feature object at 0x000002907038C7B0>,34.30562879961276,31.26569352645818,,,,,,,,,,,,,,,,,,,,,,,,,,,,,,,,,,,,,,,,,,,,,,
4259,35.1,28.1,14.9,"(0.721712, 0.507228, 0.471012)",503,600.0,<pygplates.pygplates.Feature object at 0x000002907038C740>,,,32.9856777884609,23.57852809190132,,,,,,,,,,,,,,,,,,,,,,,,,,,,,,,,,,,,,,,,,,,,
2843,35.2056,38.0889,63.8,"(0.643093, 0.453747, 0.616883)",522,600.0,<pygplates.pygplates.Feature object at 0x000002907038C6D0>,,,,,,,,,,,,,34.16890608225357,23.06333183177671,,,,,,,,,,,,,,,,,,,,,,,,,,,,,,,,,,
2016,35.2333,44.9333,161.7,"(0.578244, 0.40841, 0.706283)",302,600.0,<pygplates.pygplates.Feature object at 0x000002907038C5F0>,,,,,,,,,,,,,,,,,,,,,,,,,,,,,,,,,55.22869756231898,40.5998668790434,,,,,,,,,,,,,,
3805,35.5,27.6667,0.45,"(0.721033, 0.514307, 0.464327)",503,600.0,<pygplates.pygplates.Feature object at 0x000002907038C660>,34.66669261525353,26.133621672324434,,,,,,,,,,,,,,,,,,,,,,,,,,,,,,,,,,,,,,,,,,,,,,
2899,39.1667,-9.8667,119.0,"(0.763844, 0.622237, -0.171357)",713,600.0,<pygplates.pygplates.Feature object at 0x000002907038C580>,,,,,,,,,,,,,,,,,,,,,,,28.973610699716506,-34.000192392418626,,,,,,,,,,,,,,,,,,,,,,,,
2901,39.1667,-9.8667,132.0,"(0.763844, 0.622237, -0.171357)",713,600.0,<pygplates.pygplates.Feature object at 0x000002907038C510>,,,,,,,,,,,,,,,,,,,,,,,,,,,23.94259142105084,-38.15607196456319,,,,,,,,,,,,,,,,,,,,
3001,39.1667,-9.8667,132.0,"(0.763844, 0.622237, -0.171357)",713,600.0,<pygplates.pygplates.Feature object at 0x000002907038C430>,,,,,,,,,,,,,,,,,,,,,,,,,,,23.94259142105084,-38.15607196456319,,,,,,,,,,,,,,,,,,,,
3352,39.7,-4.0,0.05,"(0.767525, 0.637212, -0.0697565)",709,600.0,<pygplates.pygplates.Feature object at 0x000002907038C3C0>,39.5944834934041,-5.115207732581991,,,,,,,,,,,,,,,,,,,,,,,,,,,,,,,,,,,,,,,,,,,,,,
2017,39.9,43.9833,160.4,"(0.552008, 0.46155, 0.694449)",301,250.0,<pygplates.pygplates.Feature object at 0x000002907038C350>,,,,,,,,,,,,,,,,,,,,,,,,,,,,,,,,,59.68723998299291,41.42322211223908,,,,,,,,,,,,,,
3802,40.0,15.15,0.05,"(0.739421, 0.620447, 0.261347)",710,600.0,<pygplates.pygplates.Feature object at 0x000002907038C190>,39.419514700494,14.170375045304029,,,,,,,,,,,,,,,,,,,,,,,,,,,,,,,,,,,,,,,,,,,,,,
3353,40.1,-3.2667,0.05,"(0.763678, 0.643077, -0.0569838)",709,600.0,<pygplates.pygplates.Feature object at 0x000002907038C200>,39.97498887964802,-4.371371816383016,,,,,,,,,,,,,,,,,,,,,,,,,,,,,,,,,,,,,,,,,,,,,,
677,40.5,39.75,17.1,"(0.584632, 0.499323, 0.639439)",526,319.0,<pygplates.pygplates.Feature object at 0x000002907038C0B0>,,,37.70985458372415,38.07806543247936,,,,,,,,,,,,,,,,,,,,,,,,,,,,,,,,,,,,,,,,,,,,
1163,41.6667,15.35,8.45,"(0.720376, 0.641081, 0.264715)",710,600.0,<pygplates.pygplates.Feature object at 0x000002907038C2E0>,41.084889989316935,14.312033919795661,,,,,,,,,,,,,,,,,,,,,,,,,,,,,,,,,,,,,,,,,,,,,,
1161,41.8333,16.6667,8.45,"(0.713787, 0.638946, 0.286804)",503,600.0,<pygplates.pygplates.Feature object at 0x000002907038C120>,40.85587095729995,15.0958780299101,,,,,,,,,,,,,,,,,,,,,,,,,,,,,,,,,,,,,,,,,,,,,,
3964,42.5333,0.35,0.05,"(0.736871, 0.676006, 0.00610861)",709,600.0,<pygplates.pygplates.Feature object at 0x000002907038C040>,42.30949368552463,-0.6892179243607788,,,,,,,,,,,,,,,,,,,,,,,,,,,,,,,,,,,,,,,,,,,,,,
1162,42.55,16.9333,8.45,"(0.704748, 0.646915, 0.291258)",503,600.0,<pygplates.pygplates.Feature object at 0x000002907038C4A0>,41.56819661628644,15.35935552116698,,,,,,,,,,,,,,,,,,,,,,,,,,,,,,,,,,,,,,,,,,,,,,
1972,43.0167,42.7167,131.15,"(0.537192, 0.501232, 0.678374)",551,250.0,<pygplates.pygplates.Feature object at 0x000002907038EEB0>,,,,,,,,,,,,,,,,,,,,,,,,,,,67.35752714320665,30.24298063393381,,,,,,,,,,,,,,,,,,,,
2018,43.1167,43.2,160.4,"(0.53212, 0.49824, 0.684547)",301,250.0,<pygplates.pygplates.Feature object at 0x000002907038ED60>,,,,,,,,,,,,,,,,,,,,,,,,,,,,,,,,,62.913678923624865,41.90430160072064,,,,,,,,,,,,,,
3968,43.4,12.0667,0.05,"(0.710521, 0.671906, 0.20905)",503,0.0,<pygplates.pygplates.Feature object at 0x000002907038EF20>,,,,,,,,,,,,,,,,,,,,,,,,,,,,,,,,,,,,,,,,,,,,,,,,
2019,44.1667,42.9167,160.4,"(0.525322, 0.51026, 0.680934)",301,250.0,<pygplates.pygplates.Feature object at 0x000002907038EE40>,,,,,,,,,,,,,,,,,,,,,,,,,,,,,,,,,63.99820422969364,42.04109285538792,,,,,,,,,,,,,,
784,44.4333,35.4667,42.9,"(0.581573, 0.570181, 0.58023)",503,600.0,<pygplates.pygplates.Feature object at 0x000002907038EDD0>,,,,,,,,,41.643840732406645,22.129633349798166,,,,,,,,,,,,,,,,,,,,,,,,,,,,,,,,,,,,,,
3967,45.15,-12.8,0.05,"(0.687727, 0.691338, -0.221548)",702,154.0,<pygplates.pygplates.Feature object at 0x000002907038EF90>,45.480054807096444,-13.767460588735753,,,,,,,,,,,,,,,,,,,,,,,,,,,,,,,,,,,,,,,,,,,,,,
2079,45.1667,-12.8333,11.3,"(0.687435, 0.691447, -0.222115)",702,154.0,<pygplates.pygplates.Feature object at 0x000002907038ECF0>,,,46.087661851195456,-15.657121652561965,,,,,,,,,,,,,,,,,,,,,,,,,,,,,,,,,,,,,,,,,,,,
3963,45.3667,2.0667,0.05,"(0.70211, 0.711155, 0.0360629)",709,600.0,<pygplates.pygplates.Feature object at 0x000002907038EC80>,45.092619437763254,1.10688638904626,,,,,,,,,,,,,,,,,,,,,,,,,,,,,,,,,,,,,,,,,,,,,,
3806,46.4472,-9.4222,1.3,"(0.679727, 0.714962, -0.163708)",702,130.8,<pygplates.pygplates.Feature object at 0x000002907038EC10>,46.69459006385474,-10.358788119134815,,,,,,,,,,,,,,,,,,,,,,,,,,,,,,,,,,,,,,,,,,,,,,
4343,46.7,34.21,58.8,"(0.56716, 0.601855, 0.562228)",503,600.0,<pygplates.pygplates.Feature object at 0x000002907038EBA0>,,,,,,,,,,,44.41498793210782,16.27561116353385,,,,,,,,,,,,,,,,,,,,,,,,,,,,,,,,,,,,
2349,47.9667,33.4167,51.9,"(0.558875, 0.619969, 0.550724)",503,600.0,<pygplates.pygplates.Feature object at 0x000002907038EB30>,,,,,,,,,,,45.47419323924959,15.43967818004819,,,,,,,,,,,,,,,,,,,,,,,,,,,,,,,,,,,,
1534,48.8333,14.0833,18.2,"(0.638467, 0.730171, 0.243332)",503,10.9,<pygplates.pygplates.Feature object at 0x000002907038EAC0>,,,,,,,,,,,,,,,,,,,,,,,,,,,,,,,,,,,,,,,,,,,,,,,,
1535,48.8333,14.0833,19.5,"(0.638467, 0.730171, 0.243332)",503,10.9,<pygplates.pygplates.Feature object at 0x000002907038EA50>,,,,,,,,,,,,,,,,,,,,,,,,,,,,,,,,,,,,,,,,,,,,,,,,
980,50.1306,26.3181,13.8,"(0.574594, 0.687953, 0.443354)",503,600.0,<pygplates.pygplates.Feature object at 0x000002907038E9E0>,,,47.38434999991032,21.38996253593433,,,,,,,,,,,,,,,,,,,,,,,,,,,,,,,,,,,,,,,,,,,,
3332,50.7125,34.6403,21.7,"(0.520967, 0.63678, 0.568423)",505,600.0,<pygplates.pygplates.Feature object at 0x000002907038E970>,,,,,47.706868569736486,33.63316589364139,,,,,,,,,,,,,,,,,,,,,,,,,,,,,,,,,,,,,,,,,,
2708,52.7333,31.5097,25.55,"(0.516242, 0.678482, 0.522643)",505,600.0,<pygplates.pygplates.Feature object at 0x000002907038E900>,,,,,50.160425354714185,30.742343987566628,,,,,,,,,,,,,,,,,,,,,,,,,,,,,,,,,,,,,,,,,,
3988,53.9667,26.5333,0.4,"(0.526297, 0.723501, 0.446718)",503,600.0,<pygplates.pygplates.Feature object at 0x000002907038E890>,52.87944249887434,24.942803349437376,,,,,,,,,,,,,,,,,,,,,,,,,,,,,,,,,,,,,,,,,,,,,,
3965,55.7333,-4.3167,0.05,"(0.561449, 0.824081, -0.0752694)",704,300.0,<pygplates.pygplates.Feature object at 0x000002907038E820>,55.859840726955625,-5.0137049372458105,,,,,,,,,,,,,,,,,,,,,,,,,,,,,,,,,,,,,,,,,,,,,,
3989,56.2167,26.9833,0.05,"(0.495521, 0.740667, 0.453731)",503,600.0,<pygplates.pygplates.Feature object at 0x000002907038E7B0>,55.098244333436064,25.39690605340534,,,,,,,,,,,,,,,,,,,,,,,,,,,,,,,,,,,,,,,,,,,,,,
35,57.0583,23.1722,218.25,"(0.499916, 0.771521, 0.393496)",503,600.0,<pygplates.pygplates.Feature object at 0x000002907038E740>,,,,,,,,,,,,,,,,,,,,,,,,,,,,,,,,,,,,,,,,,,,54.768253833336516,-8.872821548005584,,,,
655,57.1167,27.3167,18.2,"(0.482384, 0.746129, 0.458909)",50602,600.0,<pygplates.pygplates.Feature object at 0x000002907038E6D0>,,,55.36671646922974,26.916871195080876,,,,,,,,,,,,,,,,,,,,,,,,,,,,,,,,,,,,,,,,,,,,
3807,57.5,-20.3333,0.45,"(0.503819, 0.790837, -0.347481)",704,83.3,<pygplates.pygplates.Feature object at 0x000002907038E660>,58.093362745140794,-20.975769517646373,,,,,,,,,,,,,,,,,,,,,,,,,,,,,,,,,,,,,,,,,,,,,,
654,57.5833,26.5333,18.2,"(0.479611, 0.755259, 0.446718)",50602,600.0,<pygplates.pygplates.Feature object at 0x000002907038E5F0>,,,55.904851421849784,26.171864644851773,,,,,,,,,,,,,,,,,,,,,,,,,,,,,,,,,,,,,,,,,,,,
2335,57.6667,38.0,127.2,"(0.421462, 0.665831, 0.615661)",301,250.0,<pygplates.pygplates.Feature object at 0x000002907038E580>,,,,,,,,,,,,,,,,,,,,,,,,,80.39847701426714,30.00945584020588,,,,,,,,,,,,,,,,,,,,,,
656,57.9083,26.4722,21.7,"(0.475572, 0.758371, 0.445764)",50602,600.0,<pygplates.pygplates.Feature object at 0x000002907038E510>,,,,,55.97627763565281,26.29777861702063,,,,,,,,,,,,,,,,,,,,,,,,,,,,,,,,,,,,,,,,,,
495,58.0833,33.25,165.9,"(0.442133, 0.709854, 0.548293)",505,600.0,<pygplates.pygplates.Feature object at 0x000002907038E4A0>,,,,,,,,,,,,,,,,,,,,,,,,,,,,,,,,,82.65977975479962,38.69719543445793,,,,,,,,,,,,,,
653,61.0083,26.0167,18.2,"(0.435568, 0.786054, 0.438633)",50602,600.0,<pygplates.pygplates.Feature object at 0x000002907038E430>,,,59.35965300672523,25.918720240481946,,,,,,,,,,,,,,,,,,,,,,,,,,,,,,,,,,,,,,,,,,,,
2357,67.1333,38.4167,160.4,"(0.304464, 0.721937, 0.621376)",301,250.0,<pygplates.pygplates.Feature object at 0x000002907038E3C0>,,,,,,,,,,,,,,,,,,,,,,,,,,,,,,,,,88.34563294086537,46.635788430847384,,,,,,,,,,,,,,
3544,69.0,22.4167,0.05,"(0.331288, 0.863034, 0.38134)",501,600.0,<pygplates.pygplates.Feature object at 0x000002907038E350>,68.17793856525698,20.93107328807263,,,,,,,,,,,,,,,,,,,,,,,,,,,,,,,,,,,,,,,,,,,,,,
137,77.85,35.55,218.25,"(0.171242, 0.795384, 0.581413)",61601,600.0,<pygplates.pygplates.Feature object at 0x000002907038E120>,,,,,,,,,,,,,,,,,,,,,,,,,,,,,,,,,,,,,,,,,,,91.23076171253787,29.28977288701929,,,,
4156,78.56,10.58,106.75,"(0.19497, 0.96347, 0.183608)",501,600.0,<pygplates.pygplates.Feature object at 0x000002907038E270>,,,,,,,,,,,,,,,,,,,,,42.749442755588646,-46.422355660081934,,,,,,,,,,,,,,,,,,,,,,,,,,
3028,91.25,25.2,57.6,"(-0.0197387, 0.904612, 0.425779)",501,600.0,<pygplates.pygplates.Feature object at 0x000002907038E200>,,,,,,,,,,,84.65990660688634,-7.053454874720721,,,,,,,,,,,,,,,,,,,,,,,,,,,,,,,,,,,,
2032,92.4167,10.75,13.8,"(-0.0414269, 0.981577, 0.186524)",687,10.0,<pygplates.pygplates.Feature object at 0x000002907038E2E0>,,,,,,,,,,,,,,,,,,,,,,,,,,,,,,,,,,,,,,,,,,,,,,,,
2033,92.4167,10.75,8.45,"(-0.0414269, 0.981577, 0.186524)",687,10.0,<pygplates.pygplates.Feature object at 0x000002907038E0B0>,92.60908385664428,10.872394807736926,,,,,,,,,,,,,,,,,,,,,,,,,,,,,,,,,,,,,,,,,,,,,,
2029,93.0,12.0,13.8,"(-0.0511923, 0.976807, 0.207912)",687,10.0,<pygplates.pygplates.Feature object at 0x000002907038E190>,,,,,,,,,,,,,,,,,,,,,,,,,,,,,,,,,,,,,,,,,,,,,,,,
2031,93.0,12.0,8.45,"(-0.0511923, 0.976807, 0.207912)",687,10.0,<pygplates.pygplates.Feature object at 0x000002907038E040>,93.14452294014815,12.142913307567287,,,,,,,,,,,,,,,,,,,,,,,,,,,,,,,,,,,,,,,,,,,,,,
536,95.5,31.5833,154.25,"(-0.081649, 0.847958, 0.523738)",616,600.0,<pygplates.pygplates.Feature object at 0x000002907038DEB0>,,,,,,,,,,,,,,,,,,,,,,,,,,,,,,,120.33486698186901,42.178734576292506,,,,,,,,,,,,,,,,
3498,97.1667,3.25,154.25,"(-0.124556, 0.990592, 0.0566928)",67352,600.0,<pygplates.pygplates.Feature object at 0x000002907038DD60>,,,,,,,,,,,,,,,,,,,,,,,,,,,,,,,132.3644034086656,15.224712109906978,,,,,,,,,,,,,,,,
2821,107.4,-6.9,21.7,"(-0.296875, 0.947329, -0.120137)",657,250.0,<pygplates.pygplates.Feature object at 0x000002907038DF20>,,,,,111.70533814588124,-1.165355923179511,,,,,,,,,,,,,,,,,,,,,,,,,,,,,,,,,,,,,,,,,,
3213,111.0167,-8.1167,19.5,"(-0.355047, 0.924125, -0.14119)",65702,20.0,<pygplates.pygplates.Feature object at 0x000002907038DE40>,,,112.10401113996717,-5.401179134788004,,,,,,,,,,,,,,,,,,,,,,,,,,,,,,,,,,,,,,,,,,,,
3938,113.4,-24.05,0.05,"(-0.362672, 0.838084, -0.407534)",801,4540.0,<pygplates.pygplates.Feature object at 0x000002907038DDD0>,112.78048417709182,-25.89597393354501,,,,,,,,,,,,,,,,,,,,,,,,,,,,,,,,,,,,,,,,,,,,,,
4284,113.51,3.48,21.7,"(-0.398174, 0.9153, 0.0607001)",61403,20.0,<pygplates.pygplates.Feature object at 0x000002907038DF90>,,,,,,,,,,,,,,,,,,,,,,,,,,,,,,,,,,,,,,,,,,,,,,,,
3937,114.1167,-21.8,0.05,"(-0.379376, 0.847443, -0.371368)",801,4540.0,<pygplates.pygplates.Feature object at 0x000002907038DCF0>,113.51549027334003,-23.648120909267547,,,,,,,,,,,,,,,,,,,,,,,,,,,,,,,,,,,,,,,,,,,,,,
4005,114.9167,4.0333,22.5,"(-0.420257, 0.904675, 0.0703362)",61403,20.0,<pygplates.pygplates.Feature object at 0x000002907038DC80>,,,,,,,,,,,,,,,,,,,,,,,,,,,,,,,,,,,,,,,,,,,,,,,,
3940,114.9333,-29.2667,0.05,"(-0.367752, 0.791049, -0.488876)",801,4540.0,<pygplates.pygplates.Feature object at 0x000002907038DC10>,114.32159781540331,-31.116870083281267,,,,,,,,,,,,,,,,,,,,,,,,,,,,,,,,,,,,,,,,,,,,,,
3533,115.5167,-32.0,0.05,"(-0.365317, 0.765329, -0.529919)",801,4540.0,<pygplates.pygplates.Feature object at 0x000002907038DBA0>,114.90858545310661,-33.85141771374097,,,,,,,,,,,,,,,,,,,,,,,,,,,,,,,,,,,,,,,,,,,,,,
2689,116.8333,1.3333,31.0,"(-0.451274, 0.892082, 0.0232684)",614,80.0,<pygplates.pygplates.Feature object at 0x000002907038DB30>,,,,,,,122.0527267566276,5.057493271183048,,,,,,,,,,,,,,,,,,,,,,,,,,,,,,,,,,,,,,,,
3212,117.1167,-0.4667,17.3,"(-0.455789, 0.89005, -0.00814536)",61405,600.0,<pygplates.pygplates.Feature object at 0x000002907038DAC0>,,,117.87331270026539,1.355338543026705,,,,,,,,,,,,,,,,,,,,,,,,,,,,,,,,,,,,,,,,,,,,
4147,117.12,-0.58,9.45,"(-0.455832, 0.890008, -0.0101227)",61405,600.0,<pygplates.pygplates.Feature object at 0x000002907038DA50>,117.3150935410543,0.7867822929634487,,,,,,,,,,,,,,,,,,,,,,,,,,,,,,,,,,,,,,,,,,,,,,
2695,117.5833,3.25,3.95,"(-0.462293, 0.884913, 0.0566928)",614,80.0,<pygplates.pygplates.Feature object at 0x000002907038D9E0>,117.7199185560344,4.623433647786014,,,,,,,,,,,,,,,,,,,,,,,,,,,,,,,,,,,,,,,,,,,,,,
822,117.9806,9.275,14.15,"(-0.463039, 0.871561, 0.161173)",677,200.0,<pygplates.pygplates.Feature object at 0x000002907038D970>,,,117.54045004523832,12.948591034815509,,,,,,,,,,,,,,,,,,,,,,,,,,,,,,,,,,,,,,,,,,,,
823,118.0833,9.3,14.15,"(-0.464567, 0.870667, 0.161604)",738,120.0,<pygplates.pygplates.Feature object at 0x000002907038D900>,,,119.88054003633636,10.954759070218328,,,,,,,,,,,,,,,,,,,,,,,,,,,,,,,,,,,,,,,,,,,,
2688,118.8833,0.8667,19.5,"(-0.482972, 0.875505, 0.0151262)",61405,600.0,<pygplates.pygplates.Feature object at 0x000002907038D890>,,,119.84565964716472,2.3616645272680055,,,,,,,,,,,,,,,,,,,,,,,,,,,,,,,,,,,,,,,,,,,,
2134,120.1722,-4.4667,13.8,"(-0.501074, 0.861893, -0.0778797)",668,600.0,<pygplates.pygplates.Feature object at 0x000002907038D820>,,,120.1838880126886,-3.1145815548120757,,,,,,,,,,,,,,,,,,,,,,,,,,,,,,,,,,,,,,,,,,,,
3269,120.2333,22.6333,2.15,"(-0.464744, 0.797444, 0.384832)",602,600.0,<pygplates.pygplates.Feature object at 0x000002907038D7B0>,120.07865262878032,24.04402695259713,,,,,,,,,,,,,,,,,,,,,,,,,,,,,,,,,,,,,,,,,,,,,,
879,122.3167,10.6667,14.9,"(-0.525361, 0.830503, 0.185095)",674,55.0,<pygplates.pygplates.Feature object at 0x000002907038D740>,,,133.03005014715018,4.344706470978954,,,,,,,,,,,,,,,,,,,,,,,,,,,,,,,,,,,,,,,,,,,,
880,122.55,10.6833,8.45,"(-0.52871, 0.828312, 0.18538)",674,55.0,<pygplates.pygplates.Feature object at 0x000002907038D6D0>,125.71631347479519,9.386356838858365,,,,,,,,,,,,,,,,,,,,,,,,,,,,,,,,,,,,,,,,,,,,,,
874,122.9167,10.0,8.45,"(-0.535163, 0.826708, 0.173648)",674,55.0,<pygplates.pygplates.Feature object at 0x000002907038D660>,126.1614021631788,8.750863055371841,,,,,,,,,,,,,,,,,,,,,,,,,,,,,,,,,,,,,,,,,,,,,,
872,123.75,10.3333,14.9,"(-0.546559, 0.817984, 0.179374)",674,55.0,<pygplates.pygplates.Feature object at 0x000002907038D5F0>,,,134.19543004612055,5.209926978256927,,,,,,,,,,,,,,,,,,,,,,,,,,,,,,,,,,,,,,,,,,,,
873,123.75,10.25,8.45,"(-0.546704, 0.8182, 0.177944)",674,55.0,<pygplates.pygplates.Feature object at 0x000002907038D580>,126.95568487222475,9.096877260351642,,,,,,,,,,,,,,,,,,,,,,,,,,,,,,,,,,,,,,,,,,,,,,
884,123.8333,10.3333,25.55,"(-0.547748, 0.817188, 0.179374)",674,55.0,<pygplates.pygplates.Feature object at 0x000002907038D510>,,,,,134.85278699837056,7.4989663550294985,,,,,,,,,,,,,,,,,,,,,,,,,,,,,,,,,,,,,,,,,,
876,124.1667,9.8333,8.45,"(-0.553352, 0.815252, 0.170782)",674,55.0,<pygplates.pygplates.Feature object at 0x000002907038D4A0>,127.41841935503224,8.73216213404562,,,,,,,,,,,,,,,,,,,,,,,,,,,,,,,,,,,,,,,,,,,,,,
877,124.3667,10.4167,12.7,"(-0.555184, 0.811837, 0.180806)",674,55.0,<pygplates.pygplates.Feature object at 0x000002907038D430>,,,134.52189439478698,5.728896760892688,,,,,,,,,,,,,,,,,,,,,,,,,,,,,,,,,,,,,,,,,,,,
875,124.4,11.25,12.7,"(-0.554111, 0.809259, 0.19509)",674,55.0,<pygplates.pygplates.Feature object at 0x000002907038D3C0>,,,133.8992730763705,6.2875125767958275,,,,,,,,,,,,,,,,,,,,,,,,,,,,,,,,,,,,,,,,,,,,
3953,124.5333,-8.1667,0.45,"(-0.561136, 0.815443, -0.142054)",652,5.3,<pygplates.pygplates.Feature object at 0x000002907038D350>,124.82234861756076,-6.749676090938842,,,,,,,,,,,,,,,,,,,,,,,,,,,,,,,,,,,,,,,,,,,,,,
3954,124.5333,-8.1667,0.05,"(-0.561136, 0.815443, -0.142054)",652,5.3,<pygplates.pygplates.Feature object at 0x000002907038D120>,124.82234861756076,-6.749676090938842,,,,,,,,,,,,,,,,,,,,,,,,,,,,,,,,,,,,,,,,,,,,,,
3365,124.55,8.5,2.2,"(-0.560896, 0.814585, 0.147809)",674,55.0,<pygplates.pygplates.Feature object at 0x000002907038D270>,127.9585667139307,7.453526983997698,,,,,,,,,,,,,,,,,,,,,,,,,,,,,,,,,,,,,,,,,,,,,,
878,125.0,11.8333,13.8,"(-0.561387, 0.801744, 0.205065)",678,142.0,<pygplates.pygplates.Feature object at 0x000002907038D200>,,,133.82560092588676,7.112418778772667,,,,,,,,,,,,,,,,,,,,,,,,,,,,,,,,,,,,,,,,,,,,
3812,125.1667,24.8333,1.7,"(-0.522701, 0.74189, 0.41998)",648,65.0,<pygplates.pygplates.Feature object at 0x000002907038D2E0>,124.95752782743453,26.836840579585566,,,,,,,,,,,,,,,,,,,,,,,,,,,,,,,,,,,,,,,,,,,,,,
3933,127.6833,26.0833,1.7,"(-0.549039, 0.710802, 0.439677)",649,65.0,<pygplates.pygplates.Feature object at 0x000002907038D0B0>,127.1158889730514,27.728334370923463,,,,,,,,,,,,,,,,,,,,,,,,,,,,,,,,,,,,,,,,,,,,,,
3932,127.7308,26.3914,1.7,"(-0.548174, 0.708466, 0.444501)",649,65.0,<pygplates.pygplates.Feature object at 0x000002907038D190>,127.18190915430898,28.033842813204306,,,,,,,,,,,,,,,,,,,,,,,,,,,,,,,,,,,,,,,,,,,,,,
3454,128.4333,27.0333,1.3,"(-0.553688, 0.697747, 0.454508)",649,65.0,<pygplates.pygplates.Feature object at 0x000002907038D040>,127.9316533792786,28.642416230267,,,,,,,,,,,,,,,,,,,,,,,,,,,,,,,,,,,,,,,,,,,,,,
3450,128.5833,27.3667,1.3,"(-0.553854, 0.694216, 0.459684)",649,65.0,<pygplates.pygplates.Feature object at 0x000002906F2A8120>,128.10356355420038,28.96839567540954,,,,,,,,,,,,,,,,,,,,,,,,,,,,,,,,,,,,,,,,,,,,,,
3451,128.5833,27.3667,1.3,"(-0.553854, 0.694216, 0.459684)",649,65.0,<pygplates.pygplates.Feature object at 0x000002906F2A8190>,128.10356355420038,28.96839567540954,,,,,,,,,,,,,,,,,,,,,,,,,,,,,,,,,,,,,,,,,,,,,,
3452,128.9667,27.75,1.3,"(-0.556541, 0.688088, 0.465615)",649,65.0,<pygplates.pygplates.Feature object at 0x000002906F2A80B0>,128.51527969210164,29.33330841960726,,,,,,,,,,,,,,,,,,,,,,,,,,,,,,,,,,,,,,,,,,,,,,
3453,128.9667,27.75,1.3,"(-0.556541, 0.688088, 0.465615)",649,65.0,<pygplates.pygplates.Feature object at 0x000002906F2A8200>,128.51527969210164,29.33330841960726,,,,,,,,,,,,,,,,,,,,,,,,,,,,,,,,,,,,,,,,,,,,,,
779,129.7667,-1.2,14.15,"(-0.639523, 0.768487, -0.0209424)",567,155.0,<pygplates.pygplates.Feature object at 0x000002906F2A8270>,,,146.4234561218677,1.7335653209347033,,,,,,,,,,,,,,,,,,,,,,,,,,,,,,,,,,,,,,,,,,,,
3934,129.9667,28.3,0.45,"(-0.565568, 0.674814, 0.474088)",649,65.0,<pygplates.pygplates.Feature object at 0x000002906F2A82E0>,129.56254117630473,29.835611386113854,,,,,,,,,,,,,,,,,,,,,,,,,,,,,,,,,,,,,,,,,,,,,,
780,130.6167,-0.8833,14.15,"(-0.650918, 0.758991, -0.0154159)",697,10.0,<pygplates.pygplates.Feature object at 0x000002906F2A8350>,,,,,,,,,,,,,,,,,,,,,,,,,,,,,,,,,,,,,,,,,,,,,,,,
1251,130.75,32.5,160.4,"(-0.550532, 0.638924, 0.5373)",631,30.0,<pygplates.pygplates.Feature object at 0x000002906F2A83C0>,,,,,,,,,,,,,,,,,,,,,,,,,,,,,,,,,,,,,,,,,,,,,,,,
3808,131.1667,25.45,3.1,"(-0.594376, 0.679747, 0.429723)",609,65.0,<pygplates.pygplates.Feature object at 0x000002906F2A8430>,132.4397892231979,25.358521860886864,,,,,,,,,,,,,,,,,,,,,,,,,,,,,,,,,,,,,,,,,,,,,,
3809,131.1667,25.45,0.05,"(-0.594376, 0.679747, 0.429723)",609,65.0,<pygplates.pygplates.Feature object at 0x000002906F2A84A0>,132.4397892231979,25.358521860886864,,,,,,,,,,,,,,,,,,,,,,,,,,,,,,,,,,,,,,,,,,,,,,
1252,133.0,33.5,160.4,"(-0.568709, 0.609865, 0.551937)",631,30.0,<pygplates.pygplates.Feature object at 0x000002906F2A8510>,,,,,,,,,,,,,,,,,,,,,,,,,,,,,,,,,,,,,,,,,,,,,,,,
2026,138.1667,34.6667,14.9,"(-0.612816, 0.548562, 0.568802)",631,30.0,<pygplates.pygplates.Feature object at 0x000002906F2A8580>,,,137.89410117707962,38.93871026512004,,,,,,,,,,,,,,,,,,,,,,,,,,,,,,,,,,,,,,,,,,,,
2048,140.75,37.8333,148.55,"(-0.611614, 0.49971, 0.613366)",627,150.0,<pygplates.pygplates.Feature object at 0x000002906F2A85F0>,,,,,,,,,,,,,,,,,,,,,,,,,,,,,167.08101261748317,54.442697345251844,,,,,,,,,,,,,,,,,,
646,144.6667,13.45,2.65,"(-0.793427, 0.56247, 0.232597)",699,10.0,<pygplates.pygplates.Feature object at 0x000002906F2A8660>,145.95541210390084,14.10553854172318,,,,,,,,,,,,,,,,,,,,,,,,,,,,,,,,,,,,,,,,,,,,,,
717,144.6667,13.3,14.15,"(-0.793921, 0.56282, 0.23005)",699,10.0,<pygplates.pygplates.Feature object at 0x000002906F2A86D0>,,,,,,,,,,,,,,,,,,,,,,,,,,,,,,,,,,,,,,,,,,,,,,,,
3237,147.5833,-6.0833,0.05,"(-0.839418, 0.533054, -0.105974)",69702,40.0,<pygplates.pygplates.Feature object at 0x000002906F2A8740>,152.19583315190638,-2.4309514431711796,,,,,,,,,,,,,,,,,,,,,,,,,,,,,,,,,,,,,,,,,,,,,,
3236,147.8,-6.3167,0.05,"(-0.841056, 0.529641, -0.110024)",69702,40.0,<pygplates.pygplates.Feature object at 0x000002906F2A87B0>,152.51255148002542,-2.458495559503473,,,,,,,,,,,,,,,,,,,,,,,,,,,,,,,,,,,,,,,,,,,,,,
2076,151.75,7.3333,13.8,"(-0.873685, 0.469448, 0.127641)",901,160.0,<pygplates.pygplates.Feature object at 0x000002906F2A8820>,,,164.5089372715149,7.771203026946914,,,,,,,,,,,,,,,,,,,,,,,,,,,,,,,,,,,,,,,,,,,,
2077,151.75,7.3333,8.45,"(-0.873685, 0.469448, 0.127641)",901,160.0,<pygplates.pygplates.Feature object at 0x000002906F2A8890>,156.0716763190457,7.538915031061841,,,,,,,,,,,,,,,,,,,,,,,,,,,,,,,,,,,,,,,,,,,,,,
4097,152.22,-23.51,0.05,"(-0.811302, 0.427389, -0.398909)",801,4540.0,<pygplates.pygplates.Feature object at 0x000002906F2A8900>,152.14665579098335,-25.0570251361963,,,,,,,,,,,,,,,,,,,,,,,,,,,,,,,,,,,,,,,,,,,,,,
4096,152.5,-23.3,57.6,"(-0.814672, 0.424091, -0.395546)",801,4540.0,<pygplates.pygplates.Feature object at 0x000002906F2A8970>,,,,,,,,,,,160.49568706901547,-39.38214595366489,,,,,,,,,,,,,,,,,,,,,,,,,,,,,,,,,,,,
4095,152.55,-23.26,0.05,"(-0.815287, 0.423507, -0.394904)",801,4540.0,<pygplates.pygplates.Feature object at 0x000002906F2A89E0>,152.47518483441488,-24.80111887700787,,,,,,,,,,,,,,,,,,,,,,,,,,,,,,,,,,,,,,,,,,,,,,
2078,158.1667,6.8333,8.45,"(-0.921676, 0.369266, 0.118981)",901,160.0,<pygplates.pygplates.Feature object at 0x000002906F2A8A50>,162.47908393234107,6.912237006268576,,,,,,,,,,,,,,,,,,,,,,,,,,,,,,,,,,,,,,,,,,,,,,
2034,160.3333,-9.1333,4.45,"(-0.929728, 0.332281, -0.158732)",847,50.0,<pygplates.pygplates.Feature object at 0x000002906F2A8AC0>,164.32542188790734,-9.094281241219893,,,,,,,,,,,,,,,,,,,,,,,,,,,,,,,,,,,,,,,,,,,,,,
2147,166.0833,-22.05,3.95,"(-0.89965, 0.222919, -0.375416)",845,50.0,<pygplates.pygplates.Feature object at 0x000002906F2A8B30>,166.11879339394585,-23.3054760785696,,,,,,,,,,,,,,,,,,,,,,,,,,,,,,,,,,,,,,,,,,,,,,
3976,166.1333,-20.4167,0.05,"(-0.909867, 0.224608, -0.348845)",844,50.0,<pygplates.pygplates.Feature object at 0x000002906F2A8BA0>,166.12381798933598,-21.671517935611764,,,,,,,,,,,,,,,,,,,,,,,,,,,,,,,,,,,,,,,,,,,,,,
3955,166.55,-13.1333,0.05,"(-0.947135, 0.226513, -0.227217)",827,40.0,<pygplates.pygplates.Feature object at 0x000002906F2A8C10>,171.02155146714065,-12.598801320679048,,,,,,,,,,,,,,,,,,,,,,,,,,,,,,,,,,,,,,,,,,,,,,
3956,166.6167,-13.25,0.45,"(-0.946946, 0.225303, -0.2292)",827,40.0,<pygplates.pygplates.Feature object at 0x000002906F2A8C80>,171.10860216228534,-12.70186296889011,,,,,,,,,,,,,,,,,,,,,,,,,,,,,,,,,,,,,,,,,,,,,,
3958,167.0167,-15.5667,0.05,"(-0.938692, 0.216426, -0.26836)",827,40.0,<pygplates.pygplates.Feature object at 0x000002906F2A8CF0>,171.93357821959054,-14.909901258598266,,,,,,,,,,,,,,,,,,,,,,,,,,,,,,,,,,,,,,,,,,,,,,
3959,167.1667,-16.0,0.05,"(-0.93725, 0.213511, -0.275637)",827,40.0,<pygplates.pygplates.Feature object at 0x000002906F2A8F90>,172.16243257439865,-15.309612145601955,,,,,,,,,,,,,,,,,,,,,,,,,,,,,,,,,,,,,,,,,,,,,,
3974,167.2167,-20.8833,0.05,"(-0.911151, 0.206729, -0.356466)",844,50.0,<pygplates.pygplates.Feature object at 0x000002906F2A8DD0>,167.2290095359078,-22.111802200827736,,,,,,,,,,,,,,,,,,,,,,,,,,,,,,,,,,,,,,,,,,,,,,
3975,167.2167,-20.8833,0.05,"(-0.911151, 0.206729, -0.356466)",844,50.0,<pygplates.pygplates.Feature object at 0x000002906F2A8E40>,167.2290095359078,-22.111802200827736,,,,,,,,,,,,,,,,,,,,,,,,,,,,,,,,,,,,,,,,,,,,,,
3961,167.3667,-16.1667,0.05,"(-0.937203, 0.210062, -0.278433)",827,40.0,<pygplates.pygplates.Feature object at 0x000002906F2A8D60>,172.38995042779126,-15.438425891854415,,,,,,,,,,,,,,,,,,,,,,,,,,,,,,,,,,,,,,,,,,,,,,
3979,167.4167,-22.55,0.05,"(-0.901362, 0.201202, -0.38349)",845,50.0,<pygplates.pygplates.Feature object at 0x000002906F2A8EB0>,167.47824499637667,-23.773047204980504,,,,,,,,,,,,,,,,,,,,,,,,,,,,,,,,,,,,,,,,,,,,,,
3960,167.6833,-16.3,0.05,"(-0.937714, 0.204741, -0.280667)",827,40.0,<pygplates.pygplates.Feature object at 0x000002906F2A8F20>,172.7253192972928,-15.513972061148843,,,,,,,,,,,,,,,,,,,,,,,,,,,,,,,,,,,,,,,,,,,,,,
4009,167.8833,-21.5333,0.05,"(-0.909481, 0.195253, -0.367042)",844,50.0,<pygplates.pygplates.Feature object at 0x000002906F2A8040>,167.91955202087033,-22.745258636979553,,,,,,,,,,,,,,,,,,,,,,,,,,,,,,,,,,,,,,,,,,,,,,
4010,167.9833,-21.45,1.3,"(-0.910342, 0.193776, -0.365689)",844,50.0,<pygplates.pygplates.Feature object at 0x000002906F2AA120>,168.01798847146767,-22.659525127928003,,,,,,,,,,,,,,,,,,,,,,,,,,,,,,,,,,,,,,,,,,,,,,
3155,177.3333,-17.9333,21.7,"(-0.950385, 0.0442655, -0.30791)",825,10.0,<pygplates.pygplates.Feature object at 0x000002906F2AA190>,,,,,,,,,,,,,,,,,,,,,,,,,,,,,,,,,,,,,,,,,,,,,,,,
3156,177.3333,-17.9333,17.3,"(-0.950385, 0.0442655, -0.30791)",825,10.0,<pygplates.pygplates.Feature object at 0x000002906F2AA0B0>,,,,,,,,,,,,,,,,,,,,,,,,,,,,,,,,,,,,,,,,,,,,,,,,
3157,177.6,-17.9833,14.9,"(-0.950312, 0.0398299, -0.30874)",825,10.0,<pygplates.pygplates.Feature object at 0x000002906F2AA200>,,,,,,,,,,,,,,,,,,,,,,,,,,,,,,,,,,,,,,,,,,,,,,,,
3905,177.8333,-29.2167,2.15,"(-0.872156, 0.0329972, -0.488114)",839,26.6,<pygplates.pygplates.Feature object at 0x000002906F2AA270>,178.20784022576615,-30.163109768630044,,,,,,,,,,,,,,,,,,,,,,,,,,,,,,,,,,,,,,,,,,,,,,
