r_number,lat,lng,mid_ma,pygp_pts,plt_id,maxage,pygp_feature,lng_5,lat_5,lng_15,lat_15,lng_25,lat_25,lng_35,lat_35,lng_45,lat_45,lng_55,lat_55,lng_65,lat_65,lng_75,lat_75,lng_85,lat_85,lng_95,lat_95,lng_105,lat_105,lng_115,lat_115,lng_125,lat_125,lng_135,lat_135,lng_145,lat_145,lng_155,lat_155,lng_165,lat_165,lng_175,lat_175,lng_185,lat_185,lng_195,lat_195
2655,-21.15,-175.2,3.95,"(-0.929368, -0.0780412, -0.360811)",821,40.0,<pygplates.pygplates.Feature object at 0x0000016CD8DB8350>,-176.57827841318368,-20.495903726946207,,,,,,,,,,,,,,,,,,,,,,,,,,,,,,,,,,,,,,
1092,-19.0333,-169.9167,11.3,"(-0.930728, -0.165508, -0.326118)",,inf,<pygplates.pygplates.Feature object at 0x0000016CD8DB8120>,,,,,,,,,,,,,,,,,,,,,,,,,,,,,,,,,,,,,,,,
3970,21.5667,-158.2667,0.05,"(-0.863884, -0.344363, 0.367584)",,inf,<pygplates.pygplates.Feature object at 0x0000016CD8DB8190>,,,,,,,,,,,,,,,,,,,,,,,,,,,,,,,,,,,,,,,,
3986,-19.9833,-158.1167,0.45,"(-0.872075, -0.350277, -0.341746)",,inf,<pygplates.pygplates.Feature object at 0x0000016CD8DB8200>,,,,,,,,,,,,,,,,,,,,,,,,,,,,,,,,,,,,,,,,
3969,21.6167,-158.0667,0.05,"(-0.862379, -0.347257, 0.368396)",,inf,<pygplates.pygplates.Feature object at 0x0000016CD8DB83C0>,,,,,,,,,,,,,,,,,,,,,,,,,,,,,,,,,,,,,,,,
3255,21.3333,-157.9667,0.05,"(-0.86345, -0.34944, 0.363793)",,inf,<pygplates.pygplates.Feature object at 0x0000016CD8DB84A0>,,,,,,,,,,,,,,,,,,,,,,,,,,,,,,,,,,,,,,,,
3971,21.45,-157.7167,0.05,"(-0.86123, -0.352923, 0.365689)",,inf,<pygplates.pygplates.Feature object at 0x0000016CD8DB80B0>,,,,,,,,,,,,,,,,,,,,,,,,,,,,,,,,,,,,,,,,
3985,-19.8167,-157.7167,0.05,"(-0.870525, -0.356732, -0.339012)",,inf,<pygplates.pygplates.Feature object at 0x0000016CD8DB8430>,,,,,,,,,,,,,,,,,,,,,,,,,,,,,,,,,,,,,,,,
3987,-20.15,-157.3333,0.4,"(-0.866284, -0.361783, -0.344479)",,inf,<pygplates.pygplates.Feature object at 0x0000016CD8DB8580>,,,,,,,,,,,,,,,,,,,,,,,,,,,,,,,,,,,,,,,,
2080,-16.5,-151.7167,3.95,"(-0.844352, -0.454319, -0.284015)",,inf,<pygplates.pygplates.Feature object at 0x0000016CD8DB8510>,,,,,,,,,,,,,,,,,,,,,,,,,,,,,,,,,,,,,,,,
2652,-22.45,-151.35,8.45,"(-0.811057, -0.443121, -0.381877)",,inf,<pygplates.pygplates.Feature object at 0x0000016CD8DB85F0>,,,,,,,,,,,,,,,,,,,,,,,,,,,,,,,,,,,,,,,,
3906,-24.3667,-128.3167,0.45,"(-0.56478, -0.714707, -0.412575)",,inf,<pygplates.pygplates.Feature object at 0x0000016CD8DB8660>,,,,,,,,,,,,,,,,,,,,,,,,,,,,,,,,,,,,,,,,
3990,25.3,-110.95,0.05,"(-0.323258, -0.844316, 0.427358)",105,150.0,<pygplates.pygplates.Feature object at 0x0000016CD8DB8270>,-106.44452490948918,24.839770887726957,,,,,,,,,,,,,,,,,,,,,,,,,,,,,,,,,,,,,,
1140,30.9167,-96.0833,138.95,"(-0.0909169, -0.853084, 0.513791)",101,600.0,<pygplates.pygplates.Feature object at 0x0000016CD8DB8740>,,,,,,,,,,,,,,,,,,,,,,,,,,,-34.468046898941125,28.52376147816382,,,,,,,,,,,,
2881,17.1167,-92.8833,25.55,"(-0.0480738, -0.954497, 0.294319)",205,250.0,<pygplates.pygplates.Feature object at 0x0000016CD8DB87B0>,,,,,-83.65811851786995,16.027143342833273,,,,,,,,,,,,,,,,,,,,,,,,,,,,,,,,,,
821,15.8,-88.7667,19.5,"(0.0207103, -0.961995, 0.27228)",211,120.0,<pygplates.pygplates.Feature object at 0x0000016CD8DB8820>,,,-83.0967433575647,14.999517688193343,,,,,,,,,,,,,,,,,,,,,,,,,,,,,,,,,,,,
3943,18.1167,-87.8167,0.05,"(0.0362079, -0.949735, 0.310953)",205,250.0,<pygplates.pygplates.Feature object at 0x0000016CD8DB82E0>,-85.64577250949235,18.076588817910796,,,,,,,,,,,,,,,,,,,,,,,,,,,,,,,,,,,,,,
3814,20.5778,-87.1208,0.05,"(0.0470255, -0.935014, 0.351479)",205,250.0,<pygplates.pygplates.Feature object at 0x0000016CD8DB8890>,-84.81991754819016,20.501575443358494,,,,,,,,,,,,,,,,,,,,,,,,,,,,,,,,,,,,,,
3597,9.9833,-83.0833,3.3,"(0.118603, -0.977691, 0.173361)",231,30.0,<pygplates.pygplates.Feature object at 0x0000016CD8DB8900>,-82.18068350980104,9.60477509172266,,,,,,,,,,,,,,,,,,,,,,,,,,,,,,,,,,,,,,
3601,9.1333,-81.9,13.8,"(0.139115, -0.977472, 0.158732)",,inf,<pygplates.pygplates.Feature object at 0x0000016CD8DB86D0>,,,,,,,,,,,,,,,,,,,,,,,,,,,,,,,,,,,,,,,,
2044,12.5333,-81.7,19.5,"(0.140916, -0.965945, 0.217007)",222,110.0,<pygplates.pygplates.Feature object at 0x0000016CD8DB8970>,,,-78.28966388202417,10.814753198104345,,,,,,,,,,,,,,,,,,,,,,,,,,,,,,,,,,,,
2045,12.5333,-81.7,14.9,"(0.140916, -0.965945, 0.217007)",222,110.0,<pygplates.pygplates.Feature object at 0x0000016CD8DB8A50>,,,-78.28966388202417,10.814753198104345,,,,,,,,,,,,,,,,,,,,,,,,,,,,,,,,,,,,
2046,12.5333,-81.7,7.1,"(0.140916, -0.965945, 0.217007)",222,110.0,<pygplates.pygplates.Feature object at 0x0000016CD8DB8B30>,-80.50323272371324,12.141463897561108,,,,,,,,,,,,,,,,,,,,,,,,,,,,,,,,,,,,,,
3752,19.3333,-81.25,0.05,"(0.143545, -0.932627, 0.331063)",216,50.0,<pygplates.pygplates.Feature object at 0x0000016CD8DB8C10>,-79.03084707022514,18.981291230165947,,,,,,,,,,,,,,,,,,,,,,,,,,,,,,,,,,,,,,
2732,19.3167,-81.1667,19.6,"(0.144915, -0.932512, 0.330789)",216,50.0,<pygplates.pygplates.Feature object at 0x0000016CD8DB8BA0>,,,-75.18357902976577,17.683063016257783,,,,,,,,,,,,,,,,,,,,,,,,,,,,,,,,,,,,
3981,19.65,-80.1,0.05,"(0.161917, -0.927741, 0.336274)",216,50.0,<pygplates.pygplates.Feature object at 0x0000016CD8DB8C80>,-77.86824825314766,19.24363518770985,,,,,,,,,,,,,,,,,,,,,,,,,,,,,,,,,,,,,,
645,26.5,-78.8,2.65,"(0.173827, -0.87789, 0.446198)",233,500.0,<pygplates.pygplates.Feature object at 0x0000016CD8DB8CF0>,-76.19646710367172,26.024016958744944,,,,,,,,,,,,,,,,,,,,,,,,,,,,,,,,,,,,,,
3242,18.4667,-77.4,2.65,"(0.206911, -0.925665, 0.316753)",222,110.0,<pygplates.pygplates.Feature object at 0x0000016CD8DB8F90>,-75.78855337096743,17.76534783308863,,,,,,,,,,,,,,,,,,,,,,,,,,,,,,,,,,,,,,
3800,18.5,-77.3333,0.05,"(0.207948, -0.925243, 0.317305)",222,110.0,<pygplates.pygplates.Feature object at 0x0000016CD8DB8DD0>,-75.71978402276748,17.794024980553637,,,,,,,,,,,,,,,,,,,,,,,,,,,,,,,,,,,,,,
3566,18.3667,-77.1167,35.95,"(0.211608, -0.925168, 0.315098)",222,110.0,<pygplates.pygplates.Feature object at 0x0000016CD8DB8AC0>,,,,,,,-70.17508451913912,15.007793842894584,,,,,,,,,,,,,,,,,,,,,,,,,,,,,,,,
3567,18.2167,-77.1,35.95,"(0.212061, -0.925907, 0.312612)",222,110.0,<pygplates.pygplates.Feature object at 0x0000016CD8DB8D60>,,,,,,,-70.18555312977028,14.85729765384778,,,,,,,,,,,,,,,,,,,,,,,,,,,,,,,,
3240,18.1861,-76.4347,2.65,"(0.222837, -0.923545, 0.312104)",222,110.0,<pygplates.pygplates.Feature object at 0x0000016CD8DB8EB0>,-74.85077766284296,17.419902971655013,,,,,,,,,,,,,,,,,,,,,,,,,,,,,,,,,,,,,,
3241,18.1847,-76.4181,2.3,"(0.223106, -0.923487, 0.312081)",222,110.0,<pygplates.pygplates.Feature object at 0x0000016CD8DB8F20>,-74.83439571766284,17.41738095341047,,,,,,,,,,,,,,,,,,,,,,,,,,,,,,,,,,,,,,
3239,17.8833,-76.2806,3.1,"(0.225708, -0.924531, 0.307079)",222,110.0,<pygplates.pygplates.Feature object at 0x0000016CD8DB8E40>,-74.7203332325879,17.107426706265908,,,,,,,,,,,,,,,,,,,,,,,,,,,,,,,,,,,,,,
3595,20.1333,-75.2,28.45,"(0.239837, -0.907745, 0.344205)",274,70.0,<pygplates.pygplates.Feature object at 0x0000016CD8DB9120>,,,,,-65.93052055716211,16.697840544079487,,,,,,,,,,,,,,,,,,,,,,,,,,,,,,,,,,
3801,24.0333,-74.5167,0.05,"(0.243815, -0.880163, 0.407268)",233,170.0,<pygplates.pygplates.Feature object at 0x0000016CD8DB9190>,-72.07753768712882,23.36241742781475,,,,,,,,,,,,,,,,,,,,,,,,,,,,,,,,,,,,,,
1949,-44.85,-71.5,148.55,"(0.224955, -0.672319, -0.705253)",283,410.0,<pygplates.pygplates.Feature object at 0x0000016CD8DB90B0>,,,,,,,,,,,,,,,,,,,,,,,,,,,,,-30.85218191912668,-46.888855254305405,,,,,,,,,,
786,19.6667,-71.4,8.45,"(0.300353, -0.892482, 0.336548)",254,110.0,<pygplates.pygplates.Feature object at 0x0000016CD8DB9200>,-69.96183183593897,18.77588027998055,,,,,,,,,,,,,,,,,,,,,,,,,,,,,,,,,,,,,,
3902,19.5333,-71.3,7.1,"(0.302161, -0.892696, 0.334355)",254,110.0,<pygplates.pygplates.Feature object at 0x0000016CD8DB9270>,-69.86864634417842,18.638475728236056,,,,,,,,,,,,,,,,,,,,,,,,,,,,,,,,,,,,,,
414,-38.7,-70.2833,160.4,"(0.263294, -0.734676, -0.625243)",283,410.0,<pygplates.pygplates.Feature object at 0x0000016CD8DB92E0>,,,,,,,,,,,,,,,,,,,,,,,,,,,,,,,,,-25.496653409049646,-43.859719297459755,,,,,,
569,-35.9167,-69.7833,160.4,"(0.279868, -0.759976, -0.586608)",2901,450.0,<pygplates.pygplates.Feature object at 0x0000016CD8DB9350>,,,,,,,,,,,,,,,,,,,,,,,,,,,,,,,,,-26.44450443870977,-40.40014242705726,,,,,,
3238,18.4167,-69.5167,0.05,"(0.332012, -0.888796, 0.315926)",254,110.0,<pygplates.pygplates.Feature object at 0x0000016CD8DB93C0>,-68.14769865543886,17.449685797371693,,,,,,,,,,,,,,,,,,,,,,,,,,,,,,,,,,,,,,
3751,12.2833,-69.0667,0.05,"(0.349102, -0.912616, 0.212746)",228,170.0,<pygplates.pygplates.Feature object at 0x0000016CD8DB9430>,-68.26625866758043,10.667209209156068,,,,,,,,,,,,,,,,,,,,,,,,,,,,,,,,,,,,,,
1352,18.1667,-67.9167,8.45,"(0.357214, -0.880449, 0.311783)",254,110.0,<pygplates.pygplates.Feature object at 0x0000016CD8DB94A0>,-66.56927392816303,17.13498712619109,,,,,,,,,,,,,,,,,,,,,,,,,,,,,,,,,,,,,,
1350,18.5167,-67.0333,13.8,"(0.369996, -0.873067, 0.317581)",237,75.0,<pygplates.pygplates.Feature object at 0x0000016CD8DB9510>,,,-64.60340018575054,15.456724325588228,,,,,,,,,,,,,,,,,,,,,,,,,,,,,,,,,,,,
1351,18.5167,-67.0333,8.45,"(0.369996, -0.873067, 0.317581)",237,75.0,<pygplates.pygplates.Feature object at 0x0000016CD8DB9580>,-66.0057616430666,17.460631626708487,,,,,,,,,,,,,,,,,,,,,,,,,,,,,,,,,,,,,,
1347,17.9833,-66.9167,25.55,"(0.372915, -0.874994, 0.30874)",237,75.0,<pygplates.pygplates.Feature object at 0x0000016CD8DB95F0>,,,,,-63.41054183512257,13.91125440284361,,,,,,,,,,,,,,,,,,,,,,,,,,,,,,,,,,
644,18.05,-66.75,25.55,"(0.375317, -0.873574, 0.309847)",237,75.0,<pygplates.pygplates.Feature object at 0x0000016CD8DB9660>,,,,,-63.242926929268386,13.967066337536131,,,,,,,,,,,,,,,,,,,,,,,,,,,,,,,,,,
1349,18.0167,-66.6333,13.8,"(0.377167, -0.872973, 0.309294)",237,75.0,<pygplates.pygplates.Feature object at 0x0000016CD8DB96D0>,,,-64.25786474422102,14.924668362451449,,,,,,,,,,,,,,,,,,,,,,,,,,,,,,,,,,,,
1348,18.4167,-66.5,25.55,"(0.378327, -0.870092, 0.315926)",237,75.0,<pygplates.pygplates.Feature object at 0x0000016CD8DB9740>,,,,,-62.97308626310101,14.316898952891462,,,,,,,,,,,,,,,,,,,,,,,,,,,,,,,,,,
703,17.6667,-64.8333,17.1,"(0.405198, -0.862389, 0.303479)",237,75.0,<pygplates.pygplates.Feature object at 0x0000016CD8DB97B0>,,,-62.525585501822626,14.424532296348778,,,,,,,,,,,,,,,,,,,,,,,,,,,,,,,,,,,,
3952,32.2667,-64.7667,0.05,"(0.360472, -0.764887, 0.533861)",,inf,<pygplates.pygplates.Feature object at 0x0000016CD8DB89E0>,,,,,,,,,,,,,,,,,,,,,,,,,,,,,,,,,,,,,,,,
3819,11.85,-64.6167,0.05,"(0.419536, -0.884206, 0.20535)",235,90.0,<pygplates.pygplates.Feature object at 0x0000016CD8DB9820>,-63.68880620439844,10.31728865158034,,,,,,,,,,,,,,,,,,,,,,,,,,,,,,,,,,,,,,
757,17.6833,-61.8,13.8,"(0.450223, -0.839662, 0.303755)",,inf,<pygplates.pygplates.Feature object at 0x0000016CD8DB9890>,,,,,,,,,,,,,,,,,,,,,,,,,,,,,,,,,,,,,,,,
2072,17.0333,-61.6833,27.05,"(0.453538, -0.841723, 0.292927)",234,90.0,<pygplates.pygplates.Feature object at 0x0000016CD8DB9900>,,,,,-57.06865030023324,12.83648134591483,,,,,,,,,,,,,,,,,,,,,,,,,,,,,,,,,,
3820,13.0667,-59.5333,0.05,"(0.493909, -0.839607, 0.226085)",,inf,<pygplates.pygplates.Feature object at 0x0000016CD8DB9970>,,,,,,,,,,,,,,,,,,,,,,,,,,,,,,,,,,,,,,,,
2028,33.05,-16.3333,8.45,"(0.804367, -0.235721, 0.545371)",,inf,<pygplates.pygplates.Feature object at 0x0000016CD8DB99E0>,,,,,,,,,,,,,,,,,,,,,,,,,,,,,,,,,,,,,,,,
2062,33.05,-16.3333,13.8,"(0.804367, -0.235721, 0.545371)",,inf,<pygplates.pygplates.Feature object at 0x0000016CD8DB9B30>,,,,,,,,,,,,,,,,,,,,,,,,,,,,,,,,,,,,,,,,
2855,30.6167,-9.7667,154.7,"(0.848121, -0.145988, 0.509292)",706,600.0,<pygplates.pygplates.Feature object at 0x0000016CD8DB9A50>,,,,,,,,,,,,,,,,,,,,,,,,,,,,,,,7.40442205113769,19.983602100808355,,,,,,,,
388,32.55,-9.6667,160.4,"(0.830954, -0.141541, 0.538035)",706,600.0,<pygplates.pygplates.Feature object at 0x0000016CD8DB9C10>,,,,,,,,,,,,,,,,,,,,,,,,,,,,,,,,,6.933132422418463,22.525356588385634,,,,,,
2751,39.1958,-9.0514,160.4,"(0.76534, -0.121922, 0.631972)",304,600.0,<pygplates.pygplates.Feature object at 0x0000016CD8DB9040>,,,,,,,,,,,,,,,,,,,,,,,,,,,,,,,,,14.319997428891146,26.25453155669988,,,,,,
497,38.95,-9.05,154.7,"(0.768014, -0.122329, 0.628642)",304,600.0,<pygplates.pygplates.Feature object at 0x0000016CD8DB9CF0>,,,,,,,,,,,,,,,,,,,,,,,,,,,,,,,15.088825743757596,25.511291680628606,,,,,,,,
499,37.15,-8.1,154.7,"(0.789106, -0.112306, 0.603904)",304,600.0,<pygplates.pygplates.Feature object at 0x0000016CD8DB9BA0>,,,,,,,,,,,,,,,,,,,,,,,,,,,,,,,14.544200616912338,23.62602908937705,,,,,,,,
3482,37.1667,-7.9667,157.3,"(0.78919, -0.110446, 0.604136)",304,600.0,<pygplates.pygplates.Feature object at 0x0000016CD8DB9F90>,,,,,,,,,,,,,,,,,,,,,,,,,,,,,,,14.64788584805777,23.57565480783063,,,,,,,,
353,31.6833,-6.2667,186.75,"(0.845879, -0.0928884, 0.525224)",77142,600.0,<pygplates.pygplates.Feature object at 0x0000016CD8DB9DD0>,,,,,,,,,,,,,,,,,,,,,,,,,,,,,,,,,,,,,5.457549895437782,20.45859235912637,,
389,33.85,-5.6667,186.75,"(0.82644, -0.0820046, 0.557021)",706,600.0,<pygplates.pygplates.Feature object at 0x0000016CD8DB9D60>,,,,,,,,,,,,,,,,,,,,,,,,,,,,,,,,,,,,,6.9230776877877975,22.215254938164502,,
3583,33.65,-5.6167,8.45,"(0.828441, -0.0814732, 0.554118)",706,600.0,<pygplates.pygplates.Feature object at 0x0000016CD8DB9C80>,-5.24906921622984,31.059137064713568,,,,,,,,,,,,,,,,,,,,,,,,,,,,,,,,,,,,,,
387,33.5333,-5.1667,186.75,"(0.830178, -0.0750657, 0.552422)",706,600.0,<pygplates.pygplates.Feature object at 0x0000016CD8DB9E40>,,,,,,,,,,,,,,,,,,,,,,,,,,,,,,,,,,,,,7.187442847404138,21.753439069264477,,
354,33.5,-5.0,186.75,"(0.830713, -0.0726779, 0.551937)",706,600.0,<pygplates.pygplates.Feature object at 0x0000016CD8DB9EB0>,,,,,,,,,,,,,,,,,,,,,,,,,,,,,,,,,,,,,7.308460697521889,21.66521542835288,,
356,32.6833,-4.7167,176.5,"(0.838818, -0.0692095, 0.539995)",706,600.0,<pygplates.pygplates.Feature object at 0x0000016CD8DB9F20>,,,,,,,,,,,,,,,,,,,,,,,,,,,,,,,,,,,9.227002632749251,20.950121104407003,,,,
375,32.1597,-4.3597,169.7,"(0.844118, -0.0643541, 0.532281)",77142,600.0,<pygplates.pygplates.Feature object at 0x0000016CD8DBA120>,,,,,,,,,,,,,,,,,,,,,,,,,,,,,,,,,10.743462566339064,19.76475763168618,,,,,,
355,34.0,-4.1667,186.75,"(0.826846, -0.0602367, 0.559193)",706,600.0,<pygplates.pygplates.Feature object at 0x0000016CD8DBA190>,,,,,,,,,,,,,,,,,,,,,,,,,,,,,,,,,,,,,8.210673927138792,21.832014157742215,,
1238,43.4667,-3.9333,97.2,"(0.724065, -0.0497846, 0.687933)",304,600.0,<pygplates.pygplates.Feature object at 0x0000016CD8DBA0B0>,,,,,,,,,,,,,,,,,,,11.016287935728524,34.85749808930348,,,,,,,,,,,,,,,,,,,,
1472,36.95,-3.7528,9.45,"(0.797447, -0.0523066, 0.601118)",329,600.0,<pygplates.pygplates.Feature object at 0x0000016CD8DBA200>,-3.574886526905427,34.56022996193384,,,,,,,,,,,,,,,,,,,,,,,,,,,,,,,,,,,,,,
1473,37.15,-3.5333,9.45,"(0.795542, -0.0491216, 0.603904)",329,600.0,<pygplates.pygplates.Feature object at 0x0000016CD8DBA270>,-3.362045371045023,34.76033070164018,,,,,,,,,,,,,,,,,,,,,,,,,,,,,,,,,,,,,,
352,32.2667,-3.4333,186.75,"(0.844055, -0.0506384, 0.533861)",77142,600.0,<pygplates.pygplates.Feature object at 0x0000016CD8DBA2E0>,,,,,,,,,,,,,,,,,,,,,,,,,,,,,,,,,,,,,8.047568115069167,19.999466348190253,,
2000,34.1833,-3.25,8.15,"(0.825914, -0.0468988, 0.561842)",706,600.0,<pygplates.pygplates.Feature object at 0x0000016CD8DBA350>,-2.9434940542376355,31.570951241188926,,,,,,,,,,,,,,,,,,,,,,,,,,,,,,,,,,,,,,
377,33.0,-3.0,169.7,"(0.837521, -0.0438926, 0.544639)",706,600.0,<pygplates.pygplates.Feature object at 0x0000016CD8DBA3C0>,,,,,,,,,,,,,,,,,,,,,,,,,,,,,,,,,12.249595798805862,19.86990858233153,,,,,,
3582,35.0,-2.65,6.3,"(0.818276, -0.0378733, 0.573576)",721,600.0,<pygplates.pygplates.Feature object at 0x0000016CD8DBA430>,-2.3519791317441796,32.38286485613249,,,,,,,,,,,,,,,,,,,,,,,,,,,,,,,,,,,,,,
406,42.2333,-2.6333,154.7,"(0.739632, -0.0340173, 0.672151)",304,600.0,<pygplates.pygplates.Feature object at 0x0000016CD8DBA4A0>,,,,,,,,,,,,,,,,,,,,,,,,,,,,,,,21.579137413279433,25.19777289299368,,,,,,,,
662,37.35,-2.35,8.15,"(0.794276, -0.0325957, 0.606682)",329,600.0,<pygplates.pygplates.Feature object at 0x0000016CD8DBA510>,-2.2144289739849476,34.961459533777436,,,,,,,,,,,,,,,,,,,,,,,,,,,,,,,,,,,,,,
666,36.95,-2.2167,8.45,"(0.798562, -0.0309108, 0.601118)",329,600.0,<pygplates.pygplates.Feature object at 0x0000016CD8DBA580>,-2.0842337216354685,34.56164930358984,,,,,,,,,,,,,,,,,,,,,,,,,,,,,,,,,,,,,,
407,41.7833,-2.15,154.7,"(0.745145, -0.0279744, 0.666315)",304,600.0,<pygplates.pygplates.Feature object at 0x0000016CD8DBA5F0>,,,,,,,,,,,,,,,,,,,,,,,,,,,,,,,21.60624887142752,24.622571734894336,,,,,,,,
664,37.15,-2.1167,6.3,"(0.796513, -0.0294393, 0.603904)",329,600.0,<pygplates.pygplates.Feature object at 0x0000016CD8DBA660>,-1.987659510435056,34.76179908486542,,,,,,,,,,,,,,,,,,,,,,,,,,,,,,,,,,,,,,
697,42.85,-2.0833,57.6,"(0.732652, -0.0266513, 0.680081)",304,600.0,<pygplates.pygplates.Feature object at 0x0000016CD8DBA6D0>,,,,,,,,,,,3.7723695590238115,31.594358360656212,,,,,,,,,,,,,,,,,,,,,,,,,,,,
696,42.8667,-1.95,63.8,"(0.732514, -0.02494, 0.680295)",304,600.0,<pygplates.pygplates.Feature object at 0x0000016CD8DBA740>,,,,,,,,,,,,,5.853983132353523,31.674631392881654,,,,,,,,,,,,,,,,,,,,,,,,,,
728,42.8667,-1.95,63.8,"(0.732514, -0.02494, 0.680295)",304,600.0,<pygplates.pygplates.Feature object at 0x0000016CD8DBA7B0>,,,,,,,,,,,,,5.853983132353523,31.674631392881654,,,,,,,,,,,,,,,,,,,,,,,,,,
3584,34.6333,-1.9333,8.45,"(0.822338, -0.0277582, 0.568322)",706,600.0,<pygplates.pygplates.Feature object at 0x0000016CD8DBA820>,-1.6605913753040964,32.010874021137816,,,,,,,,,,,,,,,,,,,,,,,,,,,,,,,,,,,,,,
351,32.5167,-1.6667,186.75,"(0.842878, -0.0245257, 0.537545)",706,600.0,<pygplates.pygplates.Feature object at 0x0000016CD8DBA890>,,,,,,,,,,,,,,,,,,,,,,,,,,,,,,,,,,,,,9.605347184691707,19.625536879645352,,
357,34.25,-1.6667,176.5,"(0.82624, -0.0240416, 0.562805)",706,600.0,<pygplates.pygplates.Feature object at 0x0000016CD8DBA900>,,,,,,,,,,,,,,,,,,,,,,,,,,,,,,,,,,,12.42325832984997,21.11408368668834,,,,
376,34.25,-1.6667,169.7,"(0.82624, -0.0240416, 0.562805)",706,600.0,<pygplates.pygplates.Feature object at 0x0000016CD8DBA970>,,,,,,,,,,,,,,,,,,,,,,,,,,,,,,,,,13.956054962905808,20.34652452014921,,,,,,
3233,32.5167,-1.6667,196.05,"(0.842878, -0.0245257, 0.537545)",706,600.0,<pygplates.pygplates.Feature object at 0x0000016CD8DBA9E0>,,,,,,,,,,,,,,,,,,,,,,,,,,,,,,,,,,,,,,,8.278934102318448,18.684024428250304
500,40.3389,-1.6167,154.7,"(0.761926, -0.0215048, 0.647307)",304,600.0,<pygplates.pygplates.Feature object at 0x0000016CD8DBAA50>,,,,,,,,,,,,,,,,,,,,,,,,,,,,,,,21.0415166249753,23.214920422331325,,,,,,,,
501,40.15,-1.4167,151.15,"(0.764125, -0.0188977, 0.644791)",304,600.0,<pygplates.pygplates.Feature object at 0x0000016CD8DBAAC0>,,,,,,,,,,,,,,,,,,,,,,,,,,,,,,,21.05807984019681,22.972524517510156,,,,,,,,
502,40.25,-1.4,154.7,"(0.763005, -0.0186474, 0.646124)",304,600.0,<pygplates.pygplates.Feature object at 0x0000016CD8DBAB30>,,,,,,,,,,,,,,,,,,,,,,,,,,,,,,,21.13216268241242,23.046774075003196,,,,,,,,
378,32.3333,-1.3333,169.7,"(0.844722, -0.0196606, 0.534844)",714,500.0,<pygplates.pygplates.Feature object at 0x0000016CD8DBABA0>,,,,,,,,,,,,,,,,,,,,,,,,,,,,,,,,,13.145248021337496,18.56692174900575,,,,,,
1979,35.1833,-1.3333,6.3,"(0.817092, -0.0190175, 0.576194)",718,600.0,<pygplates.pygplates.Feature object at 0x0000016CD8DBAC10>,-1.0731318625739368,32.55671927131815,,,,,,,,,,,,,,,,,,,,,,,,,,,,,,,,,,,,,,
652,37.85,-1.1833,6.3,"(0.789451, -0.0163064, 0.613596)",329,600.0,<pygplates.pygplates.Feature object at 0x0000016CD8DBAC80>,-1.0844244275197086,35.463537866748794,,,,,,,,,,,,,,,,,,,,,,,,,,,,,,,,,,,,,,
3578,35.55,-1.1667,6.3,"(0.81344, -0.0165662, 0.581413)",718,600.0,<pygplates.pygplates.Feature object at 0x0000016CD8DBACF0>,-0.9080983483149521,32.922309177759516,,,,,,,,,,,,,,,,,,,,,,,,,,,,,,,,,,,,,,
1835,38.2167,-1.1333,9.45,"(0.785523, -0.0155395, 0.618637)",304,600.0,<pygplates.pygplates.Feature object at 0x0000016CD8DBAF90>,-1.037227430768479,35.8303469388183,,,,,,,,,,,,,,,,,,,,,,,,,,,,,,,,,,,,,,
3571,43.7333,-1.05,18.2,"(0.722444, -0.013241, 0.691302)",305,600.0,<pygplates.pygplates.Feature object at 0x0000016CD8DBADD0>,,,-1.467427393532346,38.424880028790135,,,,,,,,,,,,,,,,,,,,,,,,,,,,,,,,,,,,
651,38.0,-1.0167,6.3,"(0.787887, -0.0139823, 0.615661)",329,600.0,<pygplates.pygplates.Feature object at 0x0000016CD8DBAE40>,-0.9234506752947149,35.61391238252015,,,,,,,,,,,,,,,,,,,,,,,,,,,,,,,,,,,,,,
899,35.5833,-0.8333,6.3,"(0.813184, -0.0118276, 0.581886)",718,600.0,<pygplates.pygplates.Feature object at 0x0000016CD8DBAD60>,-0.5846538998496584,32.95347578460037,,,,,,,,,,,,,,,,,,,,,,,,,,,,,,,,,,,,,,
650,38.2833,-0.6833,6.3,"(0.784901, -0.00936105, 0.61955)",329,600.0,<pygplates.pygplates.Feature object at 0x0000016CD8DBAEB0>,-0.6014116671064031,35.898020246694216,,,,,,,,,,,,,,,,,,,,,,,,,,,,,,,,,,,,,,
1998,38.25,-0.6667,21.7,"(0.785264, -0.00913783, 0.619094)",329,600.0,<pygplates.pygplates.Feature object at 0x0000016CD8DBAF20>,,,,,-0.889237155868353,31.924559318675485,,,,,,,,,,,,,,,,,,,,,,,,,,,,,,,,,,
3573,44.7333,-0.6,21.7,"(0.710352, -0.00743906, 0.703808)",305,600.0,<pygplates.pygplates.Feature object at 0x0000016CD8DBA040>,,,,,-1.187544189367363,38.31749900605685,,,,,,,,,,,,,,,,,,,,,,,,,,,,,,,,,,
3580,35.3333,-0.6,6.3,"(0.815757, -0.0085429, 0.578332)",718,600.0,<pygplates.pygplates.Feature object at 0x0000016CD8DBB120>,-0.36077013056963386,32.702041966340985,,,,,,,,,,,,,,,,,,,,,,,,,,,,,,,,,,,,,,
4003,38.6833,-0.35,35.95,"(0.780598, -0.00476846, 0.625015)",304,600.0,<pygplates.pygplates.Feature object at 0x0000016CD8DBB190>,,,,,,,1.2304501251409425,30.293591074843526,,,,,,,,,,,,,,,,,,,,,,,,,,,,,,,,
3579,35.4833,-0.2,6.3,"(0.81428, -0.00284238, 0.580466)",718,600.0,<pygplates.pygplates.Feature object at 0x0000016CD8DBB0B0>,0.02826696847001031,32.84966560973004,,,,,,,,,,,,,,,,,,,,,,,,,,,,,,,,,,,,,,
3536,40.0667,0.05,122.5,"(0.765295, 0.000667846, 0.643679)",304,600.0,<pygplates.pygplates.Feature object at 0x0000016CD8DBB200>,,,,,,,,,,,,,,,,,,,,,,,,,21.754821176633108,28.627886271356704,,,,,,,,,,,,,,
3551,40.0667,0.05,119.0,"(0.765295, 0.000667846, 0.643679)",304,600.0,<pygplates.pygplates.Feature object at 0x0000016CD8DBB270>,,,,,,,,,,,,,,,,,,,,,,,20.363341617238856,30.217880835163076,,,,,,,,,,,,,,,,
3662,42.3833,0.5167,51.9,"(0.738622, 0.00666116, 0.674087)",304,600.0,<pygplates.pygplates.Feature object at 0x0000016CD8DBB2E0>,,,,,,,,,,,5.97426935968043,31.012155505428016,,,,,,,,,,,,,,,,,,,,,,,,,,,,
3663,42.3167,0.55,51.9,"(0.739401, 0.00709796, 0.673228)",304,600.0,<pygplates.pygplates.Feature object at 0x0000016CD8DBB350>,,,,,,,,,,,5.998628397905357,30.944294947171517,,,,,,,,,,,,,,,,,,,,,,,,,,,,
969,41.1667,1.5,9.45,"(0.75254, 0.0197059, 0.658252)",304,600.0,<pygplates.pygplates.Feature object at 0x0000016CD8DBB3C0>,1.4950803903479988,38.788610697749064,,,,,,,,,,,,,,,,,,,,,,,,,,,,,,,,,,,,,,
889,38.6667,1.5333,8.45,"(0.780514, 0.0208924, 0.624789)",3203,600.0,<pygplates.pygplates.Feature object at 0x0000016CD8DBB430>,1.5440795897621544,36.28878209217974,,,,,,,,,,,,,,,,,,,,,,,,,,,,,,,,,,,,,,
2172,41.5833,1.6,42.9,"(0.7477, 0.0208852, 0.663708)",304,600.0,<pygplates.pygplates.Feature object at 0x0000016CD8DBB4A0>,,,,,,,,,4.986093182463179,31.085687564572304,,,,,,,,,,,,,,,,,,,,,,,,,,,,,,
2768,49.0833,1.9333,63.8,"(0.654588, 0.0220958, 0.755663)",305,420.0,<pygplates.pygplates.Feature object at 0x0000016CD8DBB510>,,,,,,,,,,,,,8.743238501973375,38.322918862130734,,,,,,,,,,,,,,,,,,,,,,,,,,
3659,41.9333,2.3,44.55,"(0.743324, 0.029855, 0.668265)",304,600.0,<pygplates.pygplates.Feature object at 0x0000016CD8DBB580>,,,,,,,,,5.595565684649041,31.437455577296085,,,,,,,,,,,,,,,,,,,,,,,,,,,,,,
688,41.95,2.3333,39.65,"(0.743112, 0.0302791, 0.668482)",304,600.0,<pygplates.pygplates.Feature object at 0x0000016CD8DBB5F0>,,,,,,,3.4089127915954287,33.676118636015275,,,,,,,,,,,,,,,,,,,,,,,,,,,,,,,,
679,39.4167,2.7833,8.45,"(0.771637, 0.0375139, 0.634956)",3202,600.0,<pygplates.pygplates.Feature object at 0x0000016CD8DBB660>,2.7489547320576504,37.04444007456397,,,,,,,,,,,,,,,,,,,,,,,,,,,,,,,,,,,,,,
3710,34.1,2.8333,154.7,"(0.827048, 0.0409312, 0.560639)",714,500.0,<pygplates.pygplates.Feature object at 0x0000016CD8DBB6D0>,,,,,,,,,,,,,,,,,,,,,,,,,,,,,,,18.62123346626451,16.544225497819944,,,,,,,,
1996,39.8333,3.0,21.7,"(0.766859, 0.0401894, 0.640556)",3202,600.0,<pygplates.pygplates.Feature object at 0x0000016CD8DBB740>,,,,,2.3737354656407423,33.68371041333143,,,,,,,,,,,,,,,,,,,,,,,,,,,,,,,,,,
970,43.5333,3.3333,13.8,"(0.723748, 0.0421531, 0.688776)",305,600.0,<pygplates.pygplates.Feature object at 0x0000016CD8DBB7B0>,,,2.5844555593179015,38.314437804593766,,,,,,,,,,,,,,,,,,,,,,,,,,,,,,,,,,,,
2143,39.9333,3.8333,8.45,"(0.765077, 0.051263, 0.641895)",3201,600.0,<pygplates.pygplates.Feature object at 0x0000016CD8DBB820>,3.760450287236207,37.56663195756678,,,,,,,,,,,,,,,,,,,,,,,,,,,,,,,,,,,,,,
2142,39.8333,4.25,8.45,"(0.7658, 0.0569088, 0.640556)",3201,600.0,<pygplates.pygplates.Feature object at 0x0000016CD8DBB890>,4.164538854876015,37.46907168036487,,,,,,,,,,,,,,,,,,,,,,,,,,,,,,,,,,,,,,
605,48.75,5.6333,160.4,"(0.656162, 0.0647222, 0.75184)",375,420.0,<pygplates.pygplates.Feature object at 0x0000016CD8DBB900>,,,,,,,,,,,,,,,,,,,,,,,,,,,,,,,,,30.477665979696123,34.707013022531484,,,,,,
1153,46.1833,5.7333,154.7,"(0.68889, 0.0691648, 0.721558)",305,600.0,<pygplates.pygplates.Feature object at 0x0000016CD8DBB970>,,,,,,,,,,,,,,,,,,,,,,,,,,,,,,,33.26411050714256,29.17097266125997,,,,,,,,
3373,47.1333,6.1667,160.4,"(0.676359, 0.0730783, 0.732938)",305,420.0,<pygplates.pygplates.Feature object at 0x0000016CD8DBB9E0>,,,,,,,,,,,,,,,,,,,,,,,,,,,,,,,,,31.62663267328215,33.35247478244222,,,,,,
3469,47.1333,6.1667,160.4,"(0.676359, 0.0730783, 0.732938)",305,420.0,<pygplates.pygplates.Feature object at 0x0000016CD8DBBA50>,,,,,,,,,,,,,,,,,,,,,,,,,,,,,,,,,31.62663267328215,33.35247478244222,,,,,,
2833,43.5,6.3333,145.95,"(0.720947, 0.0800175, 0.688355)",305,600.0,<pygplates.pygplates.Feature object at 0x0000016CD8DBBAC0>,,,,,,,,,,,,,,,,,,,,,,,,,,,,,34.60058080964486,27.2069570725932,,,,,,,,,,
528,47.3333,7.15,160.4,"(0.672462, 0.0843556, 0.735309)",305,420.0,<pygplates.pygplates.Feature object at 0x0000016CD8DBBB30>,,,,,,,,,,,,,,,,,,,,,,,,,,,,,,,,,32.27325509539609,33.79466746686621,,,,,,
529,47.3,7.3167,160.4,"(0.672638, 0.0863662, 0.734915)",305,420.0,<pygplates.pygplates.Feature object at 0x0000016CD8DBBBA0>,,,,,,,,,,,,,,,,,,,,,,,,,,,,,,,,,32.41412951794936,33.807982844376596,,,,,,
530,47.45,7.6333,160.4,"(0.670241, 0.0898257, 0.736687)",305,420.0,<pygplates.pygplates.Feature object at 0x0000016CD8DBBC10>,,,,,,,,,,,,,,,,,,,,,,,,,,,,,,,,,32.5813339544804,34.02982888747902,,,,,,
882,44.3667,8.2,25.55,"(0.70757, 0.101962, 0.699248)",344,330.0,<pygplates.pygplates.Feature object at 0x0000016CD8DBBC80>,,,,,6.816755684063203,38.30077016988116,,,,,,,,,,,,,,,,,,,,,,,,,,,,,,,,,,
693,44.4,8.2667,25.55,"(0.707049, 0.102728, 0.699663)",344,330.0,<pygplates.pygplates.Feature object at 0x0000016CD8DBBCF0>,,,,,6.87456835259747,38.33715492582473,,,,,,,,,,,,,,,,,,,,,,,,,,,,,,,,,,
883,44.6833,8.4667,25.55,"(0.703256, 0.104684, 0.703187)",307,319.0,<pygplates.pygplates.Feature object at 0x0000016CD8DBBF90>,,,,,8.373613005015608,37.08848734931636,,,,,,,,,,,,,,,,,,,,,,,,,,,,,,,,,,
1992,41.4167,9.1667,17.1,"(0.740341, 0.119468, 0.66153)",3061,600.0,<pygplates.pygplates.Feature object at 0x0000016CD8DBBDD0>,,,8.081562686181057,36.325748783038335,,,,,,,,,,,,,,,,,,,,,,,,,,,,,,,,,,,,
2598,41.4167,9.1667,19.5,"(0.740341, 0.119468, 0.66153)",3061,600.0,<pygplates.pygplates.Feature object at 0x0000016CD8DBBE40>,,,8.081562686181057,36.325748783038335,,,,,,,,,,,,,,,,,,,,,,,,,,,,,,,,,,,,
4334,40.15,9.35,157.8,"(0.754204, 0.124182, 0.644791)",3062,600.0,<pygplates.pygplates.Feature object at 0x0000016CD8DBBD60>,,,,,,,,,,,,,,,,,,,,,,,,,,,,,,,27.500701662678097,21.158226619941836,,,,,,,,
4236,40.16,9.37,148.55,"(0.75405, 0.124426, 0.644924)",3062,600.0,<pygplates.pygplates.Feature object at 0x0000016CD8DBBEB0>,,,,,,,,,,,,,,,,,,,,,,,,,,,,,27.22741656301314,22.221792567449207,,,,,,,,,,
1993,42.1,9.5,14.9,"(0.7318, 0.122461, 0.670427)",3061,600.0,<pygplates.pygplates.Feature object at 0x0000016CD8DBBF20>,,,8.35303012647641,37.019511143828346,,,,,,,,,,,,,,,,,,,,,,,,,,,,,,,,,,,,
1950,47.4167,10.2167,122.5,"(0.665932, 0.120021, 0.736294)",305,420.0,<pygplates.pygplates.Feature object at 0x0000016CD8DBB040>,,,,,,,,,,,,,,,,,,,,,,,,,35.25148940412958,36.8056842213745,,,,,,,,,,,,,,
965,43.4333,10.45,6.3,"(0.714131, 0.131712, 0.68751)",307,319.0,<pygplates.pygplates.Feature object at 0x0000016CD8DBC120>,10.316310846355627,40.78241881024426,,,,,,,,,,,,,,,,,,,,,,,,,,,,,,,,,,,,,,
964,43.4,10.8667,6.3,"(0.713546, 0.136977, 0.687088)",307,319.0,<pygplates.pygplates.Feature object at 0x0000016CD8DBC190>,10.716112751392052,40.75023897105763,,,,,,,,,,,,,,,,,,,,,,,,,,,,,,,,,,,,,,
4085,45.35,11.12,51.9,"(0.68958, 0.13554, 0.711413)",307,319.0,<pygplates.pygplates.Feature object at 0x0000016CD8DBC0B0>,,,,,,,,,,,16.53487767541062,30.610618743625984,,,,,,,,,,,,,,,,,,,,,,,,,,,,
3556,45.75,11.1333,172.2,"(0.684658, 0.134738, 0.716302)",307,319.0,<pygplates.pygplates.Feature object at 0x0000016CD8DBC200>,,,,,,,,,,,,,,,,,,,,,,,,,,,,,,,,,,,31.075043482155163,24.985467710235746,,,,
683,45.5333,11.5333,31.0,"(0.686351, 0.140055, 0.713658)",307,319.0,<pygplates.pygplates.Feature object at 0x0000016CD8DBC270>,,,,,,,13.025825127594716,34.63163666889822,,,,,,,,,,,,,,,,,,,,,,,,,,,,,,,,
3569,45.7667,11.6,29.0,"(0.683334, 0.140268, 0.716505)",307,319.0,<pygplates.pygplates.Feature object at 0x0000016CD8DBC2E0>,,,,,11.150616048334742,38.187420540606986,,,,,,,,,,,,,,,,,,,,,,,,,,,,,,,,,,
3570,45.7667,11.6,31.0,"(0.683334, 0.140268, 0.716505)",307,319.0,<pygplates.pygplates.Feature object at 0x0000016CD8DBC350>,,,,,,,13.09393825804653,34.862974639834235,,,,,,,,,,,,,,,,,,,,,,,,,,,,,,,,
4312,48.887,11.941,154.7,"(0.643318, 0.136049, 0.753414)",305,420.0,<pygplates.pygplates.Feature object at 0x0000016CD8DBC3C0>,,,,,,,,,,,,,,,,,,,,,,,,,,,,,,,37.2510182825987,32.801076147534026,,,,,,,,
1730,47.2,12.15,35.95,"(0.664222, 0.143003, 0.73373)",308,319.0,<pygplates.pygplates.Feature object at 0x0000016CD8DBC430>,,,,,,,13.912070503512252,36.46964663832633,,,,,,,,,,,,,,,,,,,,,,,,,,,,,,,,
1149,46.0833,12.5,160.4,"(0.67717, 0.150125, 0.720349)",307,319.0,<pygplates.pygplates.Feature object at 0x0000016CD8DBC4A0>,,,,,,,,,,,,,,,,,,,,,,,,,,,,,,,,,33.668429602024744,22.83276692638045,,,,,,
806,35.5,12.5833,6.3,"(0.794561, 0.177362, 0.580703)",7701,600.0,<pygplates.pygplates.Feature object at 0x0000016CD8DBC510>,12.416429827888837,32.8563863377255,,,,,,,,,,,,,,,,,,,,,,,,,,,,,,,,,,,,,,
1150,46.25,12.5833,154.7,"(0.674903, 0.150652, 0.722364)",307,319.0,<pygplates.pygplates.Feature object at 0x0000016CD8DBC580>,,,,,,,,,,,,,,,,,,,,,,,,,,,,,,,35.24581970535863,20.16258620272151,,,,,,,,
966,37.8,12.8,6.3,"(0.770519, 0.175058, 0.612907)",323,600.0,<pygplates.pygplates.Feature object at 0x0000016CD8DBC5F0>,12.6168586489974,35.08288369143861,,,,,,,,,,,,,,,,,,,,,,,,,,,,,,,,,,,,,,
1729,47.1667,12.8833,35.95,"(0.662753, 0.151587, 0.733335)",308,319.0,<pygplates.pygplates.Feature object at 0x0000016CD8DBC660>,,,,,,,14.529774494116186,36.41877004398775,,,,,,,,,,,,,,,,,,,,,,,,,,,,,,,,
1138,38.1667,13.4167,154.25,"(0.764759, 0.182427, 0.617952)",323,600.0,<pygplates.pygplates.Feature object at 0x0000016CD8DBC6D0>,,,,,,,,,,,,,,,,,,,,,,,,,,,,,,,28.656928275557952,14.583884636816403,,,,,,,,
3634,45.9667,13.5167,44.55,"(0.675824, 0.162459, 0.718936)",307,319.0,<pygplates.pygplates.Feature object at 0x0000016CD8DBC740>,,,,,,,,,17.026760774362113,32.013958228182325,,,,,,,,,,,,,,,,,,,,,,,,,,,,,,
967,37.8833,13.5667,6.3,"(0.767241, 0.185143, 0.614055)",323,600.0,<pygplates.pygplates.Feature object at 0x0000016CD8DBC7B0>,13.358215332078206,35.15924439782001,,,,,,,,,,,,,,,,,,,,,,,,,,,,,,,,,,,,,,
4039,41.5,13.6,148.55,"(0.727956, 0.176111, 0.66262)",307,319.0,<pygplates.pygplates.Feature object at 0x0000016CD8DBC820>,,,,,,,,,,,,,,,,,,,,,,,,,,,,,33.28754610370828,15.52308357452391,,,,,,,,,,
470,47.55,13.6167,151.15,"(0.655975, 0.1589, 0.737867)",334,319.0,<pygplates.pygplates.Feature object at 0x0000016CD8DBC890>,,,,,,,,,,,,,,,,,,,,,,,,,,,,,,,34.94562052012345,24.284489194121498,,,,,,,,
507,46.0833,13.6167,157.3,"(0.674116, 0.163294, 0.720349)",308,319.0,<pygplates.pygplates.Feature object at 0x0000016CD8DBC900>,,,,,,,,,,,,,,,,,,,,,,,,,,,,,,,36.73413090098597,20.112306759490068,,,,,,,,
3637,45.85,13.8667,51.9,"(0.676239, 0.166935, 0.717519)",307,319.0,<pygplates.pygplates.Feature object at 0x0000016CD8DBC970>,,,,,,,,,,,18.83288590391962,30.80882694779801,,,,,,,,,,,,,,,,,,,,,,,,,,,,
3507,45.9167,13.9,157.3,"(0.675331, 0.167127, 0.718329)",308,319.0,<pygplates.pygplates.Feature object at 0x0000016CD8DBC9E0>,,,,,,,,,,,,,,,,,,,,,,,,,,,,,,,36.78414518465952,19.858781348237223,,,,,,,,
247,47.5833,13.9167,154.7,"(0.654718, 0.162229, 0.738259)",334,319.0,<pygplates.pygplates.Feature object at 0x0000016CD8DBCA50>,,,,,,,,,,,,,,,,,,,,,,,,,,,,,,,35.15912261072871,24.219758237807195,,,,,,,,
248,47.5833,13.9833,154.7,"(0.654529, 0.16299, 0.738259)",334,319.0,<pygplates.pygplates.Feature object at 0x0000016CD8DBCAC0>,,,,,,,,,,,,,,,,,,,,,,,,,,,,,,,35.20275105402321,24.198908693399883,,,,,,,,
3702,45.7333,14.0,63.8,"(0.677266, 0.168861, 0.716099)",307,319.0,<pygplates.pygplates.Feature object at 0x0000016CD8DBCB30>,,,,,,,,,,,,,20.92848373321751,29.728580437373942,,,,,,,,,,,,,,,,,,,,,,,,,,
2948,42.125,14.075,31.95,"(0.719417, 0.180371, 0.67075)",307,319.0,<pygplates.pygplates.Feature object at 0x0000016CD8DBCBA0>,,,,,,,15.067913082854266,31.162234890601027,,,,,,,,,,,,,,,,,,,,,,,,,,,,,,,,
968,37.8,14.1,6.3,"(0.766349, 0.192494, 0.612907)",323,600.0,<pygplates.pygplates.Feature object at 0x0000016CD8DBCC10>,13.871944417514182,35.071403910974,,,,,,,,,,,,,,,,,,,,,,,,,,,,,,,,,,,,,,
1272,37.9667,14.1,148.55,"(0.764616, 0.192058, 0.615203)",323,600.0,<pygplates.pygplates.Feature object at 0x0000016CD8DBCC80>,,,,,,,,,,,,,,,,,,,,,,,,,,,,,29.79644592599912,13.571582345825023,,,,,,,,,,
1171,45.9333,14.2,157.3,"(0.674245, 0.17061, 0.718531)",308,319.0,<pygplates.pygplates.Feature object at 0x0000016CD8DBCCF0>,,,,,,,,,,,,,,,,,,,,,,,,,,,,,,,36.96744293710723,19.74012353857314,,,,,,,,
2090,47.5667,14.2,63.8,"(0.654115, 0.165517, 0.738063)",334,319.0,<pygplates.pygplates.Feature object at 0x0000016CD8DBCF90>,,,,,,,,,,,,,17.768748520224396,33.34507298527899,,,,,,,,,,,,,,,,,,,,,,,,,,
3506,45.8833,14.3167,157.3,"(0.674503, 0.172138, 0.717923)",308,319.0,<pygplates.pygplates.Feature object at 0x0000016CD8DBCDD0>,,,,,,,,,,,,,,,,,,,,,,,,,,,,,,,37.00110771988322,19.65018475535644,,,,,,,,
3115,38.0,14.3333,8.45,"(0.763482, 0.195082, 0.615661)",323,600.0,<pygplates.pygplates.Feature object at 0x0000016CD8DBCE40>,14.099685842748114,35.269476529200354,,,,,,,,,,,,,,,,,,,,,,,,,,,,,,,,,,,,,,
678,37.75,14.5833,8.45,"(0.765216, 0.199086, 0.612217)",323,600.0,<pygplates.pygplates.Feature object at 0x0000016CD8DBCD60>,14.337895709620838,35.017484152948676,,,,,,,,,,,,,,,,,,,,,,,,,,,,,,,,,,,,,,
508,45.9167,14.75,157.3,"(0.672777, 0.177127, 0.718329)",308,319.0,<pygplates.pygplates.Feature object at 0x0000016CD8DBCEB0>,,,,,,,,,,,,,,,,,,,,,,,,,,,,,,,37.272671601722074,19.48718979273741,,,,,,,,
3158,45.0333,14.8833,151.15,"(0.682987, 0.181516, 0.707518)",307,319.0,<pygplates.pygplates.Feature object at 0x0000016CD8DBCF20>,,,,,,,,,,,,,,,,,,,,,,,,,,,,,,,35.620238658914886,18.177520435177797,,,,,,,,
3159,44.9167,14.9333,154.7,"(0.684218, 0.182482, 0.706078)",307,319.0,<pygplates.pygplates.Feature object at 0x0000016CD8DBC040>,,,,,,,,,,,,,,,,,,,,,,,,,,,,,,,35.565798575544456,18.06720421204378,,,,,,,,
3505,45.8167,15.0167,157.3,"(0.673155, 0.180582, 0.717114)",308,319.0,<pygplates.pygplates.Feature object at 0x0000016CD8DBD120>,,,,,,,,,,,,,,,,,,,,,,,,,,,,,,,37.36030166762586,19.29313830483819,,,,,,,,
730,37.1833,15.1333,9.45,"(0.769077, 0.207993, 0.604367)",323,600.0,<pygplates.pygplates.Feature object at 0x0000016CD8DBD190>,14.862359121298757,34.44657384753118,,,,,,,,,,,,,,,,,,,,,,,,,,,,,,,,,,,,,,
729,37.1667,15.1833,21.7,"(0.769064, 0.208709, 0.604136)",323,600.0,<pygplates.pygplates.Feature object at 0x0000016CD8DBD0B0>,,,,,14.531076754816665,29.417543287696063,,,,,,,,,,,,,,,,,,,,,,,,,,,,,,,,,,
3114,38.2333,15.2333,8.15,"(0.757898, 0.206389, 0.618865)",323,600.0,<pygplates.pygplates.Feature object at 0x0000016CD8DBD200>,14.970950919747018,35.49578343485958,,,,,,,,,,,,,,,,,,,,,,,,,,,,,,,,,,,,,,
509,45.6333,15.2833,157.3,"(0.674519, 0.184316, 0.714879)",308,319.0,<pygplates.pygplates.Feature object at 0x0000016CD8DBD270>,,,,,,,,,,,,,,,,,,,,,,,,,,,,,,,37.39384833285139,19.03377406635092,,,,,,,,
657,47.7167,15.3333,63.8,"(0.648848, 0.17791, 0.739827)",334,319.0,<pygplates.pygplates.Feature object at 0x0000016CD8DBD2E0>,,,,,,,,,,,,,18.679000369952,33.513754245421126,,,,,,,,,,,,,,,,,,,,,,,,,,
3907,46.7667,15.5333,14.9,"(0.659952, 0.183434, 0.728571)",334,319.0,<pygplates.pygplates.Feature object at 0x0000016CD8DBD350>,,,11.582520805051033,41.1342748959911,,,,,,,,,,,,,,,,,,,,,,,,,,,,,,,,,,,,
3116,45.5,15.55,151.15,"(0.675254, 0.187899, 0.71325)",308,319.0,<pygplates.pygplates.Feature object at 0x0000016CD8DBD3C0>,,,,,,,,,,,,,,,,,,,,,,,,,,,,,,,37.46148653638672,18.813465021338132,,,,,,,,
2804,46.5,15.7167,14.9,"(0.662619, 0.186462, 0.725374)",334,319.0,<pygplates.pygplates.Feature object at 0x0000016CD8DBD430>,,,11.814773504388658,40.89704355341652,,,,,,,,,,,,,,,,,,,,,,,,,,,,,,,,,,,,
1994,38.3833,15.8667,8.15,"(0.754009, 0.214311, 0.620919)",322,500.0,<pygplates.pygplates.Feature object at 0x0000016CD8DBD4A0>,15.443187801548332,36.135368262188244,,,,,,,,,,,,,,,,,,,,,,,,,,,,,,,,,,,,,,
658,47.7333,16.0,63.8,"(0.646528, 0.185389, 0.740022)",334,319.0,<pygplates.pygplates.Feature object at 0x0000016CD8DBD510>,,,,,,,,,,,,,19.216189267197844,33.54343093990866,,,,,,,,,,,,,,,,,,,,,,,,,,
603,41.7833,16.0333,145.95,"(0.716665, 0.205951, 0.666315)",307,319.0,<pygplates.pygplates.Feature object at 0x0000016CD8DBD580>,,,,,,,,,,,,,,,,,,,,,,,,,,,,,34.85818842859148,14.481345556030975,,,,,,,,,,
602,41.5,16.08,154.25,"(0.719653, 0.207445, 0.66262)",3323,500.0,<pygplates.pygplates.Feature object at 0x0000016CD8DBD5F0>,,,,,,,,,,,,,,,,,,,,,,,,,,,,,,,32.40722908522866,16.40084075148148,,,,,,,,
3113,38.6833,16.1167,8.45,"(0.749933, 0.216694, 0.625015)",322,500.0,<pygplates.pygplates.Feature object at 0x0000016CD8DBD660>,15.67908734711891,36.438827368373275,,,,,,,,,,,,,,,,,,,,,,,,,,,,,,,,,,,,,,
639,45.4333,16.2,57.6,"(0.673876, 0.195779, 0.712434)",308,319.0,<pygplates.pygplates.Feature object at 0x0000016CD8DBD6D0>,,,,,,,,,,,21.25568190960692,30.501099629801356,,,,,,,,,,,,,,,,,,,,,,,,,,,,
2767,45.4333,16.2,63.8,"(0.673876, 0.195779, 0.712434)",308,319.0,<pygplates.pygplates.Feature object at 0x0000016CD8DBD740>,,,,,,,,,,,,,23.223306719463395,29.42606012958976,,,,,,,,,,,,,,,,,,,,,,,,,,
2666,46.0,16.25,66.85,"(0.666907, 0.194386, 0.71934)",328,319.0,<pygplates.pygplates.Feature object at 0x0000016CD8DBD7B0>,,,,,,,,,,,,,21.076138349008488,31.9493428568395,,,,,,,,,,,,,,,,,,,,,,,,,,
2070,48.5,16.3833,148.55,"(0.635715, 0.1869, 0.748956)",302,3600.0,<pygplates.pygplates.Feature object at 0x0000016CD8DBD820>,,,,,,,,,,,,,,,,,,,,,,,,,,,,,41.582642105614376,33.31055289979124,,,,,,,,,,
452,48.9,16.8167,148.55,"(0.629263, 0.190186, 0.753563)",302,3600.0,<pygplates.pygplates.Feature object at 0x0000016CD8DBD890>,,,,,,,,,,,,,,,,,,,,,,,,,,,,,41.82118737762456,33.76031245000888,,,,,,,,,,
3118,44.1833,17.7167,151.15,"(0.683103, 0.218225, 0.696956)",308,319.0,<pygplates.pygplates.Feature object at 0x0000016CD8DBD900>,,,,,,,,,,,,,,,,,,,,,,,,,,,,,,,37.899904512318756,16.833758862724782,,,,,,,,
640,44.6833,18.0833,49.95,"(0.675885, 0.220695, 0.703187)",308,319.0,<pygplates.pygplates.Feature object at 0x0000016CD8DBD970>,,,,,,,,,21.243549118104845,30.80598296096344,,,,,,,,,,,,,,,,,,,,,,,,,,,,,,
3207,49.03,18.09,169.3,"(0.623254, 0.203591, 0.755053)",302,3600.0,<pygplates.pygplates.Feature object at 0x0000016CD8DBD9E0>,,,,,,,,,,,,,,,,,,,,,,,,,,,,,,,,,39.582780874053654,38.394564179468524,,,,,,
453,49.5833,18.1167,148.55,"(0.6162, 0.201604, 0.761349)",302,3600.0,<pygplates.pygplates.Feature object at 0x0000016CD8DBDA50>,,,,,,,,,,,,,,,,,,,,,,,,,,,,,42.65166765233992,34.6060200843815,,,,,,,,,,
1600,29.75,18.1333,31.0,"(0.82508, 0.270208, 0.496217)",715,1100.0,<pygplates.pygplates.Feature object at 0x0000016CD8DBDAC0>,,,,,,,18.413363946221068,18.724951930333894,,,,,,,,,,,,,,,,,,,,,,,,,,,,,,,,
1143,46.1667,18.25,142.4,"(0.657726, 0.216886, 0.721358)",337,319.0,<pygplates.pygplates.Feature object at 0x0000016CD8DBDB30>,,,,,,,,,,,,,,,,,,,,,,,,,,,,,36.697248952873984,21.726196879487922,,,,,,,,,,
1144,46.1667,18.25,132.4,"(0.657726, 0.216886, 0.721358)",337,319.0,<pygplates.pygplates.Feature object at 0x0000016CD8DBDBA0>,,,,,,,,,,,,,,,,,,,,,,,,,,,36.673188494498795,24.41911774534107,,,,,,,,,,,,
1145,46.1667,18.25,106.75,"(0.657726, 0.216886, 0.721358)",337,319.0,<pygplates.pygplates.Feature object at 0x0000016CD8DBDC10>,,,,,,,,,,,,,,,,,,,,,31.71489461727251,30.814079262479876,,,,,,,,,,,,,,,,,,
3117,43.75,18.3,151.15,"(0.685831, 0.226817, 0.691513)",308,319.0,<pygplates.pygplates.Feature object at 0x0000016CD8DBDC80>,,,,,,,,,,,,,,,,,,,,,,,,,,,,,,,37.98186832364315,16.23557365037911,,,,,,,,
512,43.2,18.3333,154.7,"(0.691968, 0.229293, 0.684547)",308,319.0,<pygplates.pygplates.Feature object at 0x0000016CD8DBDCF0>,,,,,,,,,,,,,,,,,,,,,,,,,,,,,,,37.66284095644177,15.778358839847689,,,,,,,,
3205,39.8667,18.3833,6.65,"(0.728369, 0.24206, 0.641004)",3307,500.0,<pygplates.pygplates.Feature object at 0x0000016CD8DBDF90>,17.979651886783685,37.26037137289162,,,,,,,,,,,,,,,,,,,,,,,,,,,,,,,,,,,,,,
687,40.0,18.4333,26.25,"(0.726741, 0.242224, 0.642788)",3307,500.0,<pygplates.pygplates.Feature object at 0x0000016CD8DBDDD0>,,,,,17.43332878871487,32.52674705645293,,,,,,,,,,,,,,,,,,,,,,,,,,,,,,,,,,
660,49.1333,18.45,57.6,"(0.62067, 0.207071, 0.756234)",302,3600.0,<pygplates.pygplates.Feature object at 0x0000016CD8DBDE40>,,,,,,,,,,,20.28533275984971,39.1916692500729,,,,,,,,,,,,,,,,,,,,,,,,,,,,
3304,49.75,18.5667,148.55,"(0.612496, 0.205731, 0.763232)",302,3600.0,<pygplates.pygplates.Feature object at 0x0000016CD8DBDD60>,,,,,,,,,,,,,,,,,,,,,,,,,,,,,42.9541016964488,34.831457672448344,,,,,,,,,,
513,42.9333,18.6333,157.3,"(0.69377, 0.233928, 0.681147)",308,319.0,<pygplates.pygplates.Feature object at 0x0000016CD8DBDEB0>,,,,,,,,,,,,,,,,,,,,,,,,,,,,,,,37.68285960030814,15.433697589657015,,,,,,,,
659,49.2333,18.6667,57.6,"(0.618631, 0.208995, 0.757375)",302,3600.0,<pygplates.pygplates.Feature object at 0x0000016CD8DBDF20>,,,,,,,,,,,20.455620440045266,39.30424115524242,,,,,,,,,,,,,,,,,,,,,,,,,,,,
661,49.2333,18.6667,63.8,"(0.618631, 0.208995, 0.757375)",302,3600.0,<pygplates.pygplates.Feature object at 0x0000016CD8DBD040>,,,,,,,,,,,,,22.70544648478706,38.6831792622291,,,,,,,,,,,,,,,,,,,,,,,,,,
3935,49.2333,18.6667,74.8,"(0.618631, 0.208995, 0.757375)",302,3600.0,<pygplates.pygplates.Feature object at 0x0000016CD8DBE120>,,,,,,,,,,,,,,,24.669381890318327,39.29066987996611,,,,,,,,,,,,,,,,,,,,,,,,
514,42.9167,18.7,168.8,"(0.693684, 0.234799, 0.680934)",308,319.0,<pygplates.pygplates.Feature object at 0x0000016CD8DBE190>,,,,,,,,,,,,,,,,,,,,,,,,,,,,,,,,,36.627423573296994,18.29192949607835,,,,,,
1151,42.5,18.75,154.7,"(0.69815, 0.23699, 0.67559)",307,319.0,<pygplates.pygplates.Feature object at 0x0000016CD8DBE0B0>,,,,,,,,,,,,,,,,,,,,,,,,,,,,,,,36.101521851092116,14.436454042997143,,,,,,,,
515,42.9167,19.1667,145.95,"(0.691749, 0.240442, 0.680934)",308,319.0,<pygplates.pygplates.Feature object at 0x0000016CD8DBE200>,,,,,,,,,,,,,,,,,,,,,,,,,,,,,38.81168498071313,14.357110238855485,,,,,,,,,,
511,42.6167,19.4333,154.25,"(0.693975, 0.244841, 0.67709)",308,319.0,<pygplates.pygplates.Feature object at 0x0000016CD8DBE270>,,,,,,,,,,,,,,,,,,,,,,,,,,,,,,,37.9835395432457,14.833020691125252,,,,,,,,
3489,50.85,20.2,154.7,"(0.59252, 0.218005, 0.775496)",302,3600.0,<pygplates.pygplates.Feature object at 0x0000016CD8DBE2E0>,,,,,,,,,,,,,,,,,,,,,,,,,,,,,,,42.7470972163257,36.21505986215011,,,,,,,,
523,44.6667,20.4167,148.55,"(0.66653, 0.248102, 0.702981)",328,319.0,<pygplates.pygplates.Feature object at 0x0000016CD8DBE350>,,,,,,,,,,,,,,,,,,,,,,,,,,,,,40.115979438394334,18.018239380754636,,,,,,,,,,
747,49.3833,20.4333,57.6,"(0.610034, 0.227273, 0.759082)",302,3600.0,<pygplates.pygplates.Feature object at 0x0000016CD8DBE3C0>,,,,,,,,,,,21.921433716691375,39.563860964259945,,,,,,,,,,,,,,,,,,,,,,,,,,,,
630,50.8167,20.4667,154.7,"(0.591921, 0.220918, 0.775129)",302,3600.0,<pygplates.pygplates.Feature object at 0x0000016CD8DBE430>,,,,,,,,,,,,,,,,,,,,,,,,,,,,,,,42.958248995864736,36.236683921246694,,,,,,,,
3227,50.4667,20.8,14.9,"(0.595041, 0.226035, 0.771255)",302,3600.0,<pygplates.pygplates.Feature object at 0x0000016CD8DBE4A0>,,,18.105885668766682,45.861727745100985,,,,,,,,,,,,,,,,,,,,,,,,,,,,,,,,,,,,
632,50.0167,20.9833,154.7,"(0.599953, 0.2301, 0.766232)",302,3600.0,<pygplates.pygplates.Feature object at 0x0000016CD8DBE510>,,,,,,,,,,,,,,,,,,,,,,,,,,,,,,,43.65641057610786,35.582009861339095,,,,,,,,
522,43.1167,21.2833,148.55,"(0.680177, 0.264962, 0.683487)",349,230.0,<pygplates.pygplates.Feature object at 0x0000016CD8DBE580>,,,,,,,,,,,,,,,,,,,,,,,,,,,,,46.79031783523802,28.758551171278842,,,,,,,,,,
631,50.0667,21.5167,154.7,"(0.597162, 0.23543, 0.766792)",302,3600.0,<pygplates.pygplates.Feature object at 0x0000016CD8DBE5F0>,,,,,,,,,,,,,,,,,,,,,,,,,,,,,,,44.03658207317825,35.73834536088262,,,,,,,,
519,43.9,21.5333,148.55,"(0.67026, 0.264472, 0.693402)",349,230.0,<pygplates.pygplates.Feature object at 0x0000016CD8DBE660>,,,,,,,,,,,,,,,,,,,,,,,,,,,,,46.79830880898537,29.5625316923021,,,,,,,,,,
516,44.4,21.9167,148.55,"(0.662836, 0.266683, 0.699663)",349,230.0,<pygplates.pygplates.Feature object at 0x0000016CD8DBE6D0>,,,,,,,,,,,,,,,,,,,,,,,,,,,,,46.98087197867823,30.11079938493942,,,,,,,,,,
520,43.875,21.95,148.55,"(0.668599, 0.269453, 0.693087)",349,230.0,<pygplates.pygplates.Feature object at 0x0000016CD8DBE740>,,,,,,,,,,,,,,,,,,,,,,,,,,,,,47.14153146467882,29.604062540006012,,,,,,,,,,
517,44.0167,22.2667,148.55,"(0.665511, 0.272494, 0.694868)",349,230.0,<pygplates.pygplates.Feature object at 0x0000016CD8DBE7B0>,,,,,,,,,,,,,,,,,,,,,,,,,,,,,47.361389820873846,29.792742733411732,,,,,,,,,,
518,43.8167,22.3833,148.55,"(0.667194, 0.27477, 0.692354)",319,410.0,<pygplates.pygplates.Feature object at 0x0000016CD8DBE820>,,,,,,,,,,,,,,,,,,,,,,,,,,,,,47.50689440906922,29.616442330327903,,,,,,,,,,
521,42.9167,22.5833,148.55,"(0.67619, 0.281239, 0.680934)",349,230.0,<pygplates.pygplates.Feature object at 0x0000016CD8DBE890>,,,,,,,,,,,,,,,,,,,,,,,,,,,,,47.89826103476292,28.77121137137337,,,,,,,,,,
1625,43.5833,23.25,14.9,"(0.665547, 0.285942, 0.689408)",319,410.0,<pygplates.pygplates.Feature object at 0x0000016CD8DBE900>,,,21.04109443980016,39.11709712737591,,,,,,,,,,,,,,,,,,,,,,,,,,,,,,,,,,,,
1096,47.25,23.2833,31.0,"(0.62352, 0.268315, 0.734323)",337,319.0,<pygplates.pygplates.Feature object at 0x0000016CD8DBE970>,,,,,,,17.228488342753128,37.89869460373454,,,,,,,,,,,,,,,,,,,,,,,,,,,,,,,,
2822,38.9167,23.4167,151.15,"(0.713978, 0.309213, 0.62819)",346,330.0,<pygplates.pygplates.Feature object at 0x0000016CD8DBE9E0>,,,,,,,,,,,,,,,,,,,,,,,,,,,,,,,36.14032430511006,11.506859553121723,,,,,,,,
1624,43.5,23.5,14.9,"(0.665212, 0.289242, 0.688355)",319,410.0,<pygplates.pygplates.Feature object at 0x0000016CD8DBEA50>,,,21.28158130145848,39.04687721523012,,,,,,,,,,,,,,,,,,,,,,,,,,,,,,,,,,,,
3282,35.5833,23.6,9.45,"(0.745251, 0.325592, 0.581886)",347,300.0,<pygplates.pygplates.Feature object at 0x0000016CD8DBEAC0>,23.099298674206235,33.48638775090827,,,,,,,,,,,,,,,,,,,,,,,,,,,,,,,,,,,,,,
2168,49.6667,23.75,151.15,"(0.59242, 0.260671, 0.762292)",302,3600.0,<pygplates.pygplates.Feature object at 0x0000016CD8DBEB30>,,,,,,,,,,,,,,,,,,,,,,,,,,,,,,,45.874938403658064,35.82757752093734,,,,,,,,
3281,35.0333,24.75,8.45,"(0.743604, 0.342806, 0.574052)",347,300.0,<pygplates.pygplates.Feature object at 0x0000016CD8DBEBA0>,24.369516946467417,33.2459801207422,,,,,,,,,,,,,,,,,,,,,,,,,,,,,,,,,,,,,,
1091,45.5,25.1667,145.95,"(0.634375, 0.298064, 0.71325)",340,319.0,<pygplates.pygplates.Feature object at 0x0000016CD8DBEC10>,,,,,,,,,,,,,,,,,,,,,,,,,,,,,41.75757168585573,18.81166340984866,,,,,,,,,,
3076,45.5,25.1667,154.7,"(0.634375, 0.298064, 0.71325)",340,319.0,<pygplates.pygplates.Feature object at 0x0000016CD8DBEC80>,,,,,,,,,,,,,,,,,,,,,,,,,,,,,,,40.805084439269876,19.735801571421362,,,,,,,,
2167,48.0833,25.3333,154.7,"(0.603806, 0.285847, 0.744117)",302,3600.0,<pygplates.pygplates.Feature object at 0x0000016CD8DBECF0>,,,,,,,,,,,,,,,,,,,,,,,,,,,,,,,47.72005993211527,34.678172420428176,,,,,,,,
726,41.8167,26.7,35.95,"(0.665813, 0.334869, 0.66675)",338,319.0,<pygplates.pygplates.Feature object at 0x0000016CD8DBEF90>,,,,,,,25.263252106898808,34.50388043216425,,,,,,,,,,,,,,,,,,,,,,,,,,,,,,,,
2447,26.4333,27.3583,57.6,"(0.795297, 0.411509, 0.445156)",715,1500.0,<pygplates.pygplates.Feature object at 0x0000016CD8DBEDD0>,,,,,,,,,,,28.240901158522036,10.61235867447652,,,,,,,,,,,,,,,,,,,,,,,,,,,,
727,41.6667,27.5,35.95,"(0.662619, 0.344938, 0.664796)",338,319.0,<pygplates.pygplates.Feature object at 0x0000016CD8DBEE40>,,,,,,,26.002415757938742,34.41793367971059,,,,,,,,,,,,,,,,,,,,,,,,,,,,,,,,
2483,45.2667,28.4667,154.25,"(0.618713, 0.335468, 0.710391)",302,3600.0,<pygplates.pygplates.Feature object at 0x0000016CD8DBED60>,,,,,,,,,,,,,,,,,,,,,,,,,,,,,,,51.28814510250945,32.74324948939152,,,,,,,,
219,44.3667,28.5333,157.3,"(0.62805, 0.341476, 0.699248)",319,410.0,<pygplates.pygplates.Feature object at 0x0000016CD8DBEEB0>,,,,,,,,,,,,,,,,,,,,,,,,,,,,,,,51.69823647626874,31.91129193812477,,,,,,,,
1701,44.3333,28.6667,160.4,"(0.627611, 0.343133, 0.698831)",319,410.0,<pygplates.pygplates.Feature object at 0x0000016CD8DBEF20>,,,,,,,,,,,,,,,,,,,,,,,,,,,,,,,,,50.48598700435364,37.54920724165239,,,,,,
648,36.3833,29.8333,9.45,"(0.698376, 0.400503, 0.593184)",715,500.0,<pygplates.pygplates.Feature object at 0x0000016CD8DBE040>,29.124015124890814,33.92655853048032,,,,,,,,,,,,,,,,,,,,,,,,,,,,,,,,,,,,,,
2193,25.4667,30.05,63.8,"(0.781484, 0.4521, 0.429986)",715,1500.0,<pygplates.pygplates.Feature object at 0x0000016CD8DBF120>,,,,,,,,,,,,,31.336171405544274,8.147526380023468,,,,,,,,,,,,,,,,,,,,,,,,,,
758,37.6667,30.8333,14.9,"(0.679699, 0.405717, 0.611067)",522,520.0,<pygplates.pygplates.Feature object at 0x0000016CD8DBF190>,,,28.60864633808996,33.1920040893237,,,,,,,,,,,,,,,,,,,,,,,,,,,,,,,,,,,,
3457,37.1667,31.1,13.8,"(0.682343, 0.411616, 0.604136)",522,520.0,<pygplates.pygplates.Feature object at 0x0000016CD8DBF0B0>,,,28.907296664226433,32.71027302983442,,,,,,,,,,,,,,,,,,,,,,,,,,,,,,,,,,,,
3456,37.3,31.1167,17.1,"(0.681018, 0.411087, 0.605988)",522,520.0,<pygplates.pygplates.Feature object at 0x0000016CD8DBF200>,,,28.910542920745577,32.84420670128574,,,,,,,,,,,,,,,,,,,,,,,,,,,,,,,,,,,,
3660,29.9833,31.1333,44.55,"(0.741414, 0.447837, 0.499748)",715,500.0,<pygplates.pygplates.Feature object at 0x0000016CD8DBF270>,,,,,,,,,31.12502324264858,15.510379310154365,,,,,,,,,,,,,,,,,,,,,,,,,,,,,,
2566,37.45,31.25,13.8,"(0.678701, 0.411846, 0.608069)",522,520.0,<pygplates.pygplates.Feature object at 0x0000016CD8DBF2E0>,,,29.022190244519408,33.00212595218305,,,,,,,,,,,,,,,,,,,,,,,,,,,,,,,,,,,,
2568,36.9667,31.45,17.1,"(0.681611, 0.416874, 0.601351)",522,520.0,<pygplates.pygplates.Feature object at 0x0000016CD8DBF350>,,,29.256622116232233,32.532985770272354,,,,,,,,,,,,,,,,,,,,,,,,,,,,,,,,,,,,
2567,36.7167,31.6167,16.75,"(0.682623, 0.420227, 0.597859)",522,520.0,<pygplates.pygplates.Feature object at 0x0000016CD8DBF3C0>,,,29.437640221381862,32.29435333163671,,,,,,,,,,,,,,,,,,,,,,,,,,,,,,,,,,,,
3455,36.8167,31.6833,17.1,"(0.681245, 0.420471, 0.599257)",522,520.0,<pygplates.pygplates.Feature object at 0x0000016CD8DBF430>,,,29.49118998281175,32.398275066889596,,,,,,,,,,,,,,,,,,,,,,,,,,,,,,,,,,,,
866,35.0833,33.1667,9.45,"(0.684999, 0.447682, 0.574767)",715,500.0,<pygplates.pygplates.Feature object at 0x0000016CD8DBF4A0>,32.396324283600904,32.68863068237683,,,,,,,,,,,,,,,,,,,,,,,,,,,,,,,,,,,,,,
3396,27.6167,33.3667,13.8,"(0.740016, 0.487334, 0.463554)",5905,780.0,<pygplates.pygplates.Feature object at 0x0000016CD8DBF510>,,,32.033090425444364,22.336643482020207,,,,,,,,,,,,,,,,,,,,,,,,,,,,,,,,,,,,
2597,36.8,33.4667,18.2,"(0.667975, 0.441565, 0.599024)",522,520.0,<pygplates.pygplates.Feature object at 0x0000016CD8DBF580>,,,31.179258395713436,32.49721362978097,,,,,,,,,,,,,,,,,,,,,,,,,,,,,,,,,,,,
3930,27.9333,33.5,0.05,"(0.736733, 0.487633, 0.468443)",5905,780.0,<pygplates.pygplates.Feature object at 0x0000016CD8DBF5F0>,32.91315116593287,25.54722519555397,,,,,,,,,,,,,,,,,,,,,,,,,,,,,,,,,,,,,,
685,27.3,33.5833,13.8,"(0.740291, 0.491538, 0.45865)",5905,780.0,<pygplates.pygplates.Feature object at 0x0000016CD8DBF660>,,,32.25920110609627,22.031025717949603,,,,,,,,,,,,,,,,,,,,,,,,,,,,,,,,,,,,
3931,27.65,33.5833,0.05,"(0.737944, 0.489979, 0.464069)",5905,780.0,<pygplates.pygplates.Feature object at 0x0000016CD8DBF6D0>,33.001850404730874,25.26567601865341,,,,,,,,,,,,,,,,,,,,,,,,,,,,,,,,,,,,,,
2636,44.55,33.7333,142.4,"(0.592653, 0.395748, 0.701531)",302,3600.0,<pygplates.pygplates.Feature object at 0x0000016CD8DBF740>,,,,,,,,,,,,,,,,,,,,,,,,,,,,,56.47977555346862,32.36710005997974,,,,,,,,,,
3514,44.65,33.8667,142.4,"(0.590712, 0.396444, 0.702774)",302,3600.0,<pygplates.pygplates.Feature object at 0x0000016CD8DBF7B0>,,,,,,,,,,,,,,,,,,,,,,,,,,,,,56.55483336899319,32.48960858678515,,,,,,,,,,
3397,26.7333,33.9,13.8,"(0.741292, 0.498128, 0.449838)",5905,780.0,<pygplates.pygplates.Feature object at 0x0000016CD8DBF820>,,,32.596340655036464,21.480840082592294,,,,,,,,,,,,,,,,,,,,,,,,,,,,,,,,,,,,
4081,26.33,34.02,0.05,"(0.742854, 0.501438, 0.443541)",5905,780.0,<pygplates.pygplates.Feature object at 0x0000016CD8DBF890>,33.462893288367454,23.954900973988902,,,,,,,,,,,,,,,,,,,,,,,,,,,,,,,,,,,,,,
3443,44.4333,34.1333,145.95,"(0.591057, 0.400677, 0.700078)",302,3600.0,<pygplates.pygplates.Feature object at 0x0000016CD8DBF900>,,,,,,,,,,,,,,,,,,,,,,,,,,,,,56.84266926060775,32.33462971055507,,,,,,,,,,
3398,26.1167,34.1833,12.7,"(0.742782, 0.504478, 0.440201)",5905,780.0,<pygplates.pygplates.Feature object at 0x0000016CD8DBF970>,,,32.90485274698555,20.879338447682006,,,,,,,,,,,,,,,,,,,,,,,,,,,,,,,,,,,,
3516,44.85,34.2,142.4,"(0.586363, 0.398492, 0.705253)",302,3600.0,<pygplates.pygplates.Feature object at 0x0000016CD8DBF9E0>,,,,,,,,,,,,,,,,,,,,,,,,,,,,,56.75807981811898,32.74791672926784,,,,,,,,,,
3515,45.0167,34.2333,136.35,"(0.584433, 0.397677, 0.707313)",302,3600.0,<pygplates.pygplates.Feature object at 0x0000016CD8DBFA50>,,,,,,,,,,,,,,,,,,,,,,,,,,,56.517068603598595,35.15054281637413,,,,,,,,,,,,
4082,25.47,34.29,0.45,"(0.745899, 0.508627, 0.430038)",5905,780.0,<pygplates.pygplates.Feature object at 0x0000016CD8DBFAC0>,33.74921501305977,23.100690825813363,,,,,,,,,,,,,,,,,,,,,,,,,,,,,,,,,,,,,,
4083,25.47,34.29,0.45,"(0.745899, 0.508627, 0.430038)",5905,780.0,<pygplates.pygplates.Feature object at 0x0000016CD8DBFB30>,33.74921501305977,23.100690825813363,,,,,,,,,,,,,,,,,,,,,,,,,,,,,,,,,,,,,,
681,25.95,34.3,17.1,"(0.742808, 0.506709, 0.437587)",5905,780.0,<pygplates.pygplates.Feature object at 0x0000016CD8DBFBA0>,,,33.026820260632206,20.71876433234005,,,,,,,,,,,,,,,,,,,,,,,,,,,,,,,,,,,,
4289,36.54,34.3,17.1,"(0.663722, 0.45276, 0.595384)",522,520.0,<pygplates.pygplates.Feature object at 0x0000016CD8DBFC10>,,,31.993629327503058,32.29351339451683,,,,,,,,,,,,,,,,,,,,,,,,,,,,,,,,,,,,
2921,44.8333,34.5,136.35,"(0.584438, 0.401673, 0.705046)",302,3600.0,<pygplates.pygplates.Feature object at 0x0000016CD8DBFC80>,,,,,,,,,,,,,,,,,,,,,,,,,,,56.79499730239103,35.017998026844644,,,,,,,,,,,,
719,31.3167,34.6167,9.45,"(0.70307, 0.485318, 0.519768)",508,600.0,<pygplates.pygplates.Feature object at 0x0000016CD8DBFCF0>,33.785502458684725,28.446849334309217,,,,,,,,,,,,,,,,,,,,,,,,,,,,,,,,,,,,,,
1981,31.3167,34.6167,14.9,"(0.70307, 0.485318, 0.519768)",508,600.0,<pygplates.pygplates.Feature object at 0x0000016CD8DBFF90>,,,32.55778440950565,24.512786863068968,,,,,,,,,,,,,,,,,,,,,,,,,,,,,,,,,,,,
1982,25.5,34.65,17.1,"(0.742503, 0.513176, 0.430511)",5905,780.0,<pygplates.pygplates.Feature object at 0x0000016CD8DBFDD0>,,,33.38993098530645,20.28720142976014,,,,,,,,,,,,,,,,,,,,,,,,,,,,,,,,,,,,
720,31.3833,34.8667,14.9,"(0.70045, 0.488035, 0.520761)",508,600.0,<pygplates.pygplates.Feature object at 0x0000016CD8DBFE40>,,,32.79835176449754,24.55888908363804,,,,,,,,,,,,,,,,,,,,,,,,,,,,,,,,,,,,
3231,28.1667,34.9,9.45,"(0.723028, 0.504391, 0.472038)",5906,780.0,<pygplates.pygplates.Feature object at 0x0000016CD8DBFD60>,34.08235473969946,25.491533666740764,,,,,,,,,,,,,,,,,,,,,,,,,,,,,,,,,,,,,,
2015,44.8167,34.9167,161.7,"(0.581669, 0.40603, 0.704841)",302,3600.0,<pygplates.pygplates.Feature object at 0x0000016CD8DBFEB0>,,,,,,,,,,,,,,,,,,,,,,,,,,,,,,,,,55.214654576068156,40.09511541001481,,,,,,
675,37.25,35.0,18.2,"(0.652047, 0.456568, 0.605294)",522,520.0,<pygplates.pygplates.Feature object at 0x0000016CD8DBFF20>,,,32.58519074706427,33.04817778431696,,,,,,,,,,,,,,,,,,,,,,,,,,,,,,,,,,,,
722,32.3333,35.0,9.45,"(0.692143, 0.484644, 0.534844)",508,600.0,<pygplates.pygplates.Feature object at 0x0000016CD8DBF040>,34.187201910311295,29.45481124655575,,,,,,,,,,,,,,,,,,,,,,,,,,,,,,,,,,,,,,
1983,24.8,35.0167,17.1,"(0.743456, 0.520896, 0.419452)",5905,780.0,<pygplates.pygplates.Feature object at 0x0000016CD8DC0120>,,,33.784645500096495,19.607116951571026,,,,,,,,,,,,,,,,,,,,,,,,,,,,,,,,,,,,
723,33.0,35.1,9.45,"(0.686158, 0.48224, 0.544639)",508,600.0,<pygplates.pygplates.Feature object at 0x0000016CD8DC0190>,34.30373863886007,30.119150312168156,,,,,,,,,,,,,,,,,,,,,,,,,,,,,,,,,,,,,,
4259,28.1,35.1,14.9,"(0.721712, 0.507228, 0.471012)",5906,780.0,<pygplates.pygplates.Feature object at 0x0000016CD8DC00B0>,,,33.04353821630594,21.86281583205972,,,,,,,,,,,,,,,,,,,,,,,,,,,,,,,,,,,,
2843,38.0889,35.2056,63.8,"(0.643093, 0.453747, 0.616883)",522,520.0,<pygplates.pygplates.Feature object at 0x0000016CD8DC0200>,,,,,,,,,,,,,35.0534972881941,23.096863223298005,,,,,,,,,,,,,,,,,,,,,,,,,,
2016,44.9333,35.2333,161.7,"(0.578244, 0.40841, 0.706283)",302,3600.0,<pygplates.pygplates.Feature object at 0x0000016CD8DC0270>,,,,,,,,,,,,,,,,,,,,,,,,,,,,,,,,,55.39657979642357,40.306359900030905,,,,,,
3805,27.6667,35.5,0.45,"(0.721033, 0.514307, 0.464327)",5906,780.0,<pygplates.pygplates.Feature object at 0x0000016CD8DC02E0>,34.66397919508433,24.987244632067238,,,,,,,,,,,,,,,,,,,,,,,,,,,,,,,,,,,,,,
2899,-9.8667,39.1667,119.0,"(0.763844, 0.622237, -0.171357)",713,550.0,<pygplates.pygplates.Feature object at 0x0000016CD8DC0350>,,,,,,,,,,,,,,,,,,,,,,,30.8615929859386,-32.820758183235554,,,,,,,,,,,,,,,,
2901,-9.8667,39.1667,132.0,"(0.763844, 0.622237, -0.171357)",713,550.0,<pygplates.pygplates.Feature object at 0x0000016CD8DC03C0>,,,,,,,,,,,,,,,,,,,,,,,,,,,27.173756240536804,-36.89887700212981,,,,,,,,,,,,
3001,-9.8667,39.1667,132.0,"(0.763844, 0.622237, -0.171357)",713,550.0,<pygplates.pygplates.Feature object at 0x0000016CD8DC0430>,,,,,,,,,,,,,,,,,,,,,,,,,,,27.173756240536804,-36.89887700212981,,,,,,,,,,,,
3352,-4.0,39.7,0.05,"(0.767525, 0.637212, -0.0697565)",5032,1600.0,<pygplates.pygplates.Feature object at 0x0000016CD8DC04A0>,39.61892992229898,-6.254739630753794,,,,,,,,,,,,,,,,,,,,,,,,,,,,,,,,,,,,,,
2017,43.9833,39.9,160.4,"(0.552008, 0.46155, 0.694449)",301,250.0,<pygplates.pygplates.Feature object at 0x0000016CD8DC0510>,,,,,,,,,,,,,,,,,,,,,,,,,,,,,,,,,59.83899843938671,41.117147201393486,,,,,,
3802,15.15,40.0,0.05,"(0.739421, 0.620447, 0.261347)",5901,850.0,<pygplates.pygplates.Feature object at 0x0000016CD8DC0580>,39.64213659824454,12.91393762712911,,,,,,,,,,,,,,,,,,,,,,,,,,,,,,,,,,,,,,
3353,-3.2667,40.1,0.05,"(0.763678, 0.643077, -0.0569838)",5032,1600.0,<pygplates.pygplates.Feature object at 0x0000016CD8DC05F0>,39.99840278202184,-5.510025549390018,,,,,,,,,,,,,,,,,,,,,,,,,,,,,,,,,,,,,,
677,39.75,40.5,17.1,"(0.584632, 0.499323, 0.639439)",526,319.0,<pygplates.pygplates.Feature object at 0x0000016CD8DC0660>,,,37.67205188371467,36.365509687653685,,,,,,,,,,,,,,,,,,,,,,,,,,,,,,,,,,,,
1163,15.35,41.6667,8.45,"(0.720376, 0.641081, 0.264715)",5901,850.0,<pygplates.pygplates.Feature object at 0x0000016CD8DC06D0>,41.286697480464035,13.156225127336294,,,,,,,,,,,,,,,,,,,,,,,,,,,,,,,,,,,,,,
1161,16.6667,41.8333,8.45,"(0.713787, 0.638946, 0.286804)",5901,850.0,<pygplates.pygplates.Feature object at 0x0000016CD8DC0740>,41.41485462418357,14.476776301026742,,,,,,,,,,,,,,,,,,,,,,,,,,,,,,,,,,,,,,
3964,0.35,42.5333,0.05,"(0.736871, 0.676006, 0.00610861)",5032,1600.0,<pygplates.pygplates.Feature object at 0x0000016CD8DC07B0>,42.32513026543272,-1.8213916236166943,,,,,,,,,,,,,,,,,,,,,,,,,,,,,,,,,,,,,,
1162,16.9333,42.55,8.45,"(0.704748, 0.646915, 0.291258)",5901,850.0,<pygplates.pygplates.Feature object at 0x0000016CD8DC0820>,42.11608963068222,14.762115756564308,,,,,,,,,,,,,,,,,,,,,,,,,,,,,,,,,,,,,,
1972,42.7167,43.0167,131.15,"(0.537192, 0.501232, 0.678374)",551,250.0,<pygplates.pygplates.Feature object at 0x0000016CD8DC0890>,,,,,,,,,,,,,,,,,,,,,,,,,,,64.68748094464492,34.527715297467594,,,,,,,,,,,,
2018,43.2,43.1167,160.4,"(0.53212, 0.49824, 0.684547)",301,250.0,<pygplates.pygplates.Feature object at 0x0000016CD8DC0900>,,,,,,,,,,,,,,,,,,,,,,,,,,,,,,,,,63.052112254090254,41.59028100241566,,,,,,
3968,12.0667,43.4,0.05,"(0.710521, 0.671906, 0.20905)",,inf,<pygplates.pygplates.Feature object at 0x0000016CD8DB9AC0>,,,,,,,,,,,,,,,,,,,,,,,,,,,,,,,,,,,,,,,,
2019,42.9167,44.1667,160.4,"(0.525322, 0.51026, 0.680934)",301,250.0,<pygplates.pygplates.Feature object at 0x0000016CD8DC0970>,,,,,,,,,,,,,,,,,,,,,,,,,,,,,,,,,64.13186339653025,41.724623219457065,,,,,,
784,35.4667,44.4333,42.9,"(0.581573, 0.570181, 0.58023)",5031,550.0,<pygplates.pygplates.Feature object at 0x0000016CD8DC0A50>,,,,,,,,,42.64885780596911,18.86071701380927,,,,,,,,,,,,,,,,,,,,,,,,,,,,,,
3967,-12.8,45.15,0.05,"(0.687727, 0.691338, -0.221548)",,inf,<pygplates.pygplates.Feature object at 0x0000016CD8DC09E0>,,,,,,,,,,,,,,,,,,,,,,,,,,,,,,,,,,,,,,,,
2079,-12.8333,45.1667,11.3,"(0.687435, 0.691447, -0.222115)",,inf,<pygplates.pygplates.Feature object at 0x0000016CD8DC0BA0>,,,,,,,,,,,,,,,,,,,,,,,,,,,,,,,,,,,,,,,,
3963,2.0667,45.3667,0.05,"(0.70211, 0.711155, 0.0360629)",5032,1600.0,<pygplates.pygplates.Feature object at 0x0000016CD8DC0AC0>,45.10200025929481,-0.015109477359574384,,,,,,,,,,,,,,,,,,,,,,,,,,,,,,,,,,,,,,
3806,-9.4222,46.4472,1.3,"(0.679727, 0.714962, -0.163708)",,inf,<pygplates.pygplates.Feature object at 0x0000016CD8DC0B30>,,,,,,,,,,,,,,,,,,,,,,,,,,,,,,,,,,,,,,,,
4343,34.21,46.7,58.8,"(0.56716, 0.601855, 0.562228)",5031,550.0,<pygplates.pygplates.Feature object at 0x0000016CD8DC0C10>,,,,,,,,,,,45.13000498180716,15.668791638568884,,,,,,,,,,,,,,,,,,,,,,,,,,,,
2349,33.4167,47.9667,51.9,"(0.558875, 0.619969, 0.550724)",5031,550.0,<pygplates.pygplates.Feature object at 0x0000016CD8DC0D60>,,,,,,,,,,,46.159701494028475,14.802835712922315,,,,,,,,,,,,,,,,,,,,,,,,,,,,
1534,14.0833,48.8333,18.2,"(0.638467, 0.730171, 0.243332)",,inf,<pygplates.pygplates.Feature object at 0x0000016CD8DC0CF0>,,,,,,,,,,,,,,,,,,,,,,,,,,,,,,,,,,,,,,,,
1535,14.0833,48.8333,19.5,"(0.638467, 0.730171, 0.243332)",,inf,<pygplates.pygplates.Feature object at 0x0000016CD8DC0E40>,,,,,,,,,,,,,,,,,,,,,,,,,,,,,,,,,,,,,,,,
980,26.3181,50.1306,13.8,"(0.574594, 0.687953, 0.443354)",5031,550.0,<pygplates.pygplates.Feature object at 0x0000016CD8DC0F20>,,,47.28135687619039,19.71979018250554,,,,,,,,,,,,,,,,,,,,,,,,,,,,,,,,,,,,
3332,34.6403,50.7125,21.7,"(0.520967, 0.63678, 0.568423)",505,520.0,<pygplates.pygplates.Feature object at 0x0000016CD8DC0C80>,,,,,47.78111289803568,32.00858405788287,,,,,,,,,,,,,,,,,,,,,,,,,,,,,,,,,,
2708,31.5097,52.7333,25.55,"(0.516242, 0.678482, 0.522643)",505,520.0,<pygplates.pygplates.Feature object at 0x0000016CD8DC0EB0>,,,,,50.19447957612094,29.118938438597983,,,,,,,,,,,,,,,,,,,,,,,,,,,,,,,,,,
3988,26.5333,53.9667,0.4,"(0.526297, 0.723501, 0.446718)",5031,550.0,<pygplates.pygplates.Feature object at 0x0000016CD8DC0F90>,52.71627875736038,23.86269048417758,,,,,,,,,,,,,,,,,,,,,,,,,,,,,,,,,,,,,,
3965,-4.3167,55.7333,0.05,"(0.561449, 0.824081, -0.0752694)",704,300.0,<pygplates.pygplates.Feature object at 0x0000016CD8DC10B0>,55.91446457509711,-6.071484028356983,,,,,,,,,,,,,,,,,,,,,,,,,,,,,,,,,,,,,,
3989,26.9833,56.2167,0.05,"(0.495521, 0.740667, 0.453731)",5031,550.0,<pygplates.pygplates.Feature object at 0x0000016CD8DC0DD0>,54.91217333407065,24.332433292072597,,,,,,,,,,,,,,,,,,,,,,,,,,,,,,,,,,,,,,
655,27.3167,57.1167,18.2,"(0.482384, 0.746129, 0.458909)",50602,600.0,<pygplates.pygplates.Feature object at 0x0000016CD8DC1040>,,,55.1075287179915,25.316729499870803,,,,,,,,,,,,,,,,,,,,,,,,,,,,,,,,,,,,
3807,-20.3333,57.5,0.45,"(0.503819, 0.790837, -0.347481)",,inf,<pygplates.pygplates.Feature object at 0x0000016CD8DC0040>,,,,,,,,,,,,,,,,,,,,,,,,,,,,,,,,,,,,,,,,
654,26.5333,57.5833,18.2,"(0.479611, 0.755259, 0.446718)",50602,600.0,<pygplates.pygplates.Feature object at 0x0000016CD8DC1190>,,,55.64842642947069,24.57763031579145,,,,,,,,,,,,,,,,,,,,,,,,,,,,,,,,,,,,
2335,38.0,57.6667,127.2,"(0.421462, 0.665831, 0.615661)",301,250.0,<pygplates.pygplates.Feature object at 0x0000016CD8DC1200>,,,,,,,,,,,,,,,,,,,,,,,,,79.1966266401643,34.313922906189134,,,,,,,,,,,,,,
656,26.4722,57.9083,21.7,"(0.475572, 0.758371, 0.445764)",50602,600.0,<pygplates.pygplates.Feature object at 0x0000016CD8DC12E0>,,,,,55.93867020700444,24.68888714544511,,,,,,,,,,,,,,,,,,,,,,,,,,,,,,,,,,
495,33.25,58.0833,165.9,"(0.442133, 0.709854, 0.548293)",505,1000.0,<pygplates.pygplates.Feature object at 0x0000016CD8DC13C0>,,,,,,,,,,,,,,,,,,,,,,,,,,,,,,,,,82.69500921265866,38.35684300094447,,,,,,
653,26.0167,61.0083,18.2,"(0.435568, 0.786054, 0.438633)",50602,600.0,<pygplates.pygplates.Feature object at 0x0000016CD8DC1350>,,,59.06209268862826,24.365376786886618,,,,,,,,,,,,,,,,,,,,,,,,,,,,,,,,,,,,
2357,38.4167,67.1333,160.4,"(0.304464, 0.721937, 0.621376)",301,250.0,<pygplates.pygplates.Feature object at 0x0000016CD8DC1430>,,,,,,,,,,,,,,,,,,,,,,,,,,,,,,,,,88.35025316785861,46.29521846643897,,,,,,
3544,22.4167,69.0,0.05,"(0.331288, 0.863034, 0.38134)",5011,850.0,<pygplates.pygplates.Feature object at 0x0000016CD8DC14A0>,67.94479589708435,19.990484775471234,,,,,,,,,,,,,,,,,,,,,,,,,,,,,,,,,,,,,,
4156,10.58,78.56,106.75,"(0.19497, 0.96347, 0.183608)",501,2500.0,<pygplates.pygplates.Feature object at 0x0000016CD8DC1510>,,,,,,,,,,,,,,,,,,,,,43.0008453492704,-45.52584128568051,,,,,,,,,,,,,,,,,,
3028,25.2,91.25,57.6,"(-0.0197387, 0.904612, 0.425779)",5011,700.0,<pygplates.pygplates.Feature object at 0x0000016CD8DC1580>,,,,,,,,,,,84.78145410637418,-8.579740142400425,,,,,,,,,,,,,,,,,,,,,,,,,,,,
2032,10.75,92.4167,13.8,"(-0.0414269, 0.981577, 0.186524)",687,10.0,<pygplates.pygplates.Feature object at 0x0000016CD8DC1270>,,,,,,,,,,,,,,,,,,,,,,,,,,,,,,,,,,,,,,,,
2033,10.75,92.4167,8.45,"(-0.0414269, 0.981577, 0.186524)",687,10.0,<pygplates.pygplates.Feature object at 0x0000016CD8DC1660>,92.43642783294375,10.287884957425549,,,,,,,,,,,,,,,,,,,,,,,,,,,,,,,,,,,,,,
2029,12.0,93.0,13.8,"(-0.0511923, 0.976807, 0.207912)",687,10.0,<pygplates.pygplates.Feature object at 0x0000016CD8DC16D0>,,,,,,,,,,,,,,,,,,,,,,,,,,,,,,,,,,,,,,,,
2031,12.0,93.0,8.45,"(-0.0511923, 0.976807, 0.207912)",687,10.0,<pygplates.pygplates.Feature object at 0x0000016CD8DC1740>,92.9479329415428,11.567441798699953,,,,,,,,,,,,,,,,,,,,,,,,,,,,,,,,,,,,,,
536,31.5833,95.5,154.25,"(-0.081649, 0.847958, 0.523738)",616,410.0,<pygplates.pygplates.Feature object at 0x0000016CD8DC17B0>,,,,,,,,,,,,,,,,,,,,,,,,,,,,,,,120.05257560177496,36.72839410574715,,,,,,,,
3498,3.25,97.1667,154.25,"(-0.124556, 0.990592, 0.0566928)",67352,410.0,<pygplates.pygplates.Feature object at 0x0000016CD8DC1820>,,,,,,,,,,,,,,,,,,,,,,,,,,,,,,,132.9257041730091,10.299625483091692,,,,,,,,
2821,-6.9,107.4,21.7,"(-0.296875, 0.947329, -0.120137)",657,250.0,<pygplates.pygplates.Feature object at 0x0000016CD8DC1890>,,,,,111.81398384119606,-1.883273422134828,,,,,,,,,,,,,,,,,,,,,,,,,,,,,,,,,,
3213,-8.1167,111.0167,19.5,"(-0.355047, 0.924125, -0.14119)",65702,20.0,<pygplates.pygplates.Feature object at 0x0000016CD8DC1900>,,,112.31276507526941,-5.753651159786347,,,,,,,,,,,,,,,,,,,,,,,,,,,,,,,,,,,,
3938,-24.05,113.4,0.05,"(-0.362672, 0.838084, -0.407534)",801,3600.0,<pygplates.pygplates.Feature object at 0x0000016CD8DC1970>,113.34270302038806,-26.09717087838041,,,,,,,,,,,,,,,,,,,,,,,,,,,,,,,,,,,,,,
4284,3.48,113.51,21.7,"(-0.398174, 0.9153, 0.0607001)",61403,20.0,<pygplates.pygplates.Feature object at 0x0000016CD8DC19E0>,,,,,,,,,,,,,,,,,,,,,,,,,,,,,,,,,,,,,,,,
3937,-21.8,114.1167,0.05,"(-0.379376, 0.847443, -0.371368)",801,3600.0,<pygplates.pygplates.Feature object at 0x0000016CD8DC1A50>,114.02477479954908,-23.835340450239435,,,,,,,,,,,,,,,,,,,,,,,,,,,,,,,,,,,,,,
4005,4.0333,114.9167,22.5,"(-0.420257, 0.904675, 0.0703362)",61403,20.0,<pygplates.pygplates.Feature object at 0x0000016CD8DC1AC0>,,,,,,,,,,,,,,,,,,,,,,,,,,,,,,,,,,,,,,,,
3940,-29.2667,114.9333,0.05,"(-0.367752, 0.791049, -0.488876)",801,3600.0,<pygplates.pygplates.Feature object at 0x0000016CD8DC1B30>,115.02019629744515,-31.286281094581287,,,,,,,,,,,,,,,,,,,,,,,,,,,,,,,,,,,,,,
3533,-32.0,115.5167,0.05,"(-0.365317, 0.765329, -0.529919)",801,3600.0,<pygplates.pygplates.Feature object at 0x0000016CD8DC1BA0>,115.68445857051762,-34.0084344826293,,,,,,,,,,,,,,,,,,,,,,,,,,,,,,,,,,,,,,
2689,1.3333,116.8333,31.0,"(-0.451274, 0.892082, 0.0232684)",614,80.0,<pygplates.pygplates.Feature object at 0x0000016CD8DC1C10>,,,,,,,122.02007502817708,3.3630705512235246,,,,,,,,,,,,,,,,,,,,,,,,,,,,,,,,
3212,-0.4667,117.1167,17.3,"(-0.455789, 0.89005, -0.00814536)",61405,410.0,<pygplates.pygplates.Feature object at 0x0000016CD8DC1C80>,,,117.88044191529785,1.170481788475176,,,,,,,,,,,,,,,,,,,,,,,,,,,,,,,,,,,,
4147,-0.58,117.12,9.45,"(-0.455832, 0.890008, -0.0101227)",61405,410.0,<pygplates.pygplates.Feature object at 0x0000016CD8DC1CF0>,117.31223085923162,0.6698520098382876,,,,,,,,,,,,,,,,,,,,,,,,,,,,,,,,,,,,,,
2695,3.25,117.5833,3.95,"(-0.462293, 0.884913, 0.0566928)",614,80.0,<pygplates.pygplates.Feature object at 0x0000016CD8DC1F90>,117.64034023097423,4.513802489835322,,,,,,,,,,,,,,,,,,,,,,,,,,,,,,,,,,,,,,
822,9.275,117.9806,14.15,"(-0.463039, 0.871561, 0.161173)",677,200.0,<pygplates.pygplates.Feature object at 0x0000016CD8DC1DD0>,,,117.19643289780043,12.748600567461322,,,,,,,,,,,,,,,,,,,,,,,,,,,,,,,,,,,,
823,9.3,118.0833,14.15,"(-0.464567, 0.870667, 0.161604)",738,120.0,<pygplates.pygplates.Feature object at 0x0000016CD8DC1E40>,,,119.59605459855783,10.825418442201022,,,,,,,,,,,,,,,,,,,,,,,,,,,,,,,,,,,,
2688,0.8667,118.8833,19.5,"(-0.482972, 0.875505, 0.0151262)",61405,410.0,<pygplates.pygplates.Feature object at 0x0000016CD8DC1D60>,,,119.82170964305752,2.235173505451563,,,,,,,,,,,,,,,,,,,,,,,,,,,,,,,,,,,,
2134,-4.4667,120.1722,13.8,"(-0.501074, 0.861893, -0.0778797)",668,410.0,<pygplates.pygplates.Feature object at 0x0000016CD8DC1EB0>,,,120.32351182917235,-3.2285232184844657,,,,,,,,,,,,,,,,,,,,,,,,,,,,,,,,,,,,
3269,22.6333,120.2333,2.15,"(-0.464744, 0.797444, 0.384832)",602,410.0,<pygplates.pygplates.Feature object at 0x0000016CD8DC1F20>,119.58030915887608,23.977285709177355,,,,,,,,,,,,,,,,,,,,,,,,,,,,,,,,,,,,,,
879,10.6667,122.3167,14.9,"(-0.525361, 0.830503, 0.185095)",674,55.0,<pygplates.pygplates.Feature object at 0x0000016CD8DC15F0>,,,132.94202538716922,4.610960429166369,,,,,,,,,,,,,,,,,,,,,,,,,,,,,,,,,,,,
880,10.6833,122.55,8.45,"(-0.52871, 0.828312, 0.18538)",674,55.0,<pygplates.pygplates.Feature object at 0x0000016CD8DC2120>,125.53804988370165,9.435607749678443,,,,,,,,,,,,,,,,,,,,,,,,,,,,,,,,,,,,,,
874,10.0,122.9167,8.45,"(-0.535163, 0.826708, 0.173648)",674,55.0,<pygplates.pygplates.Feature object at 0x0000016CD8DC2190>,125.99614533525384,8.809142878704112,,,,,,,,,,,,,,,,,,,,,,,,,,,,,,,,,,,,,,
872,10.3333,123.75,14.9,"(-0.546559, 0.817984, 0.179374)",674,55.0,<pygplates.pygplates.Feature object at 0x0000016CD8DC20B0>,,,134.08164099242612,5.510226360345785,,,,,,,,,,,,,,,,,,,,,,,,,,,,,,,,,,,,
873,10.25,123.75,8.45,"(-0.546704, 0.8182, 0.177944)",674,55.0,<pygplates.pygplates.Feature object at 0x0000016CD8DC2200>,126.78332446237368,9.170957536908661,,,,,,,,,,,,,,,,,,,,,,,,,,,,,,,,,,,,,,
884,10.3333,123.8333,25.55,"(-0.547748, 0.817188, 0.179374)",674,55.0,<pygplates.pygplates.Feature object at 0x0000016CD8DC2270>,,,,,134.7104222423689,7.4082150164445935,,,,,,,,,,,,,,,,,,,,,,,,,,,,,,,,,,
876,9.8333,124.1667,8.45,"(-0.553352, 0.815252, 0.170782)",674,55.0,<pygplates.pygplates.Feature object at 0x0000016CD8DC22E0>,127.25352816650847,8.815556998979908,,,,,,,,,,,,,,,,,,,,,,,,,,,,,,,,,,,,,,
877,10.4167,124.3667,12.7,"(-0.555184, 0.811837, 0.180806)",674,55.0,<pygplates.pygplates.Feature object at 0x0000016CD8DC2350>,,,134.3926875238354,6.038591522299411,,,,,,,,,,,,,,,,,,,,,,,,,,,,,,,,,,,,
875,11.25,124.4,12.7,"(-0.554111, 0.809259, 0.19509)",674,55.0,<pygplates.pygplates.Feature object at 0x0000016CD8DC23C0>,,,133.75332173620285,6.578599845636856,,,,,,,,,,,,,,,,,,,,,,,,,,,,,,,,,,,,
3953,-8.1667,124.5333,0.45,"(-0.561136, 0.815443, -0.142054)",652,5.3,<pygplates.pygplates.Feature object at 0x0000016CD8DC2430>,124.96930252040846,-6.715053844811504,,,,,,,,,,,,,,,,,,,,,,,,,,,,,,,,,,,,,,
3954,-8.1667,124.5333,0.05,"(-0.561136, 0.815443, -0.142054)",652,5.3,<pygplates.pygplates.Feature object at 0x0000016CD8DC24A0>,124.96930252040846,-6.715053844811504,,,,,,,,,,,,,,,,,,,,,,,,,,,,,,,,,,,,,,
3365,8.5,124.55,2.2,"(-0.560896, 0.814585, 0.147809)",674,55.0,<pygplates.pygplates.Feature object at 0x0000016CD8DC2510>,127.81972399180968,7.547960500792739,,,,,,,,,,,,,,,,,,,,,,,,,,,,,,,,,,,,,,
878,11.8333,125.0,13.8,"(-0.561387, 0.801744, 0.205065)",678,142.0,<pygplates.pygplates.Feature object at 0x0000016CD8DC2580>,,,133.6549312457177,7.4009663671782695,,,,,,,,,,,,,,,,,,,,,,,,,,,,,,,,,,,,
3812,24.8333,125.1667,1.7,"(-0.522701, 0.74189, 0.41998)",648,65.0,<pygplates.pygplates.Feature object at 0x0000016CD8DC25F0>,124.38876657536474,26.8670079345058,,,,,,,,,,,,,,,,,,,,,,,,,,,,,,,,,,,,,,
3933,26.0833,127.6833,1.7,"(-0.549039, 0.710802, 0.439677)",649,65.0,<pygplates.pygplates.Feature object at 0x0000016CD8DC2660>,126.5250084558782,27.80143570342222,,,,,,,,,,,,,,,,,,,,,,,,,,,,,,,,,,,,,,
3932,26.3914,127.7308,1.7,"(-0.548174, 0.708466, 0.444501)",649,65.0,<pygplates.pygplates.Feature object at 0x0000016CD8DC26D0>,126.58323938302196,28.108185095848647,,,,,,,,,,,,,,,,,,,,,,,,,,,,,,,,,,,,,,
3454,27.0333,128.4333,1.3,"(-0.553688, 0.697747, 0.454508)",649,65.0,<pygplates.pygplates.Feature object at 0x0000016CD8DC2740>,127.3176685608585,28.731574181424428,,,,,,,,,,,,,,,,,,,,,,,,,,,,,,,,,,,,,,
3450,27.3667,128.5833,1.3,"(-0.553854, 0.694216, 0.459684)",649,65.0,<pygplates.pygplates.Feature object at 0x0000016CD8DC27B0>,127.48120333705397,29.060900226188807,,,,,,,,,,,,,,,,,,,,,,,,,,,,,,,,,,,,,,
3451,27.3667,128.5833,1.3,"(-0.553854, 0.694216, 0.459684)",649,65.0,<pygplates.pygplates.Feature object at 0x0000016CD8DC2820>,127.48120333705397,29.060900226188807,,,,,,,,,,,,,,,,,,,,,,,,,,,,,,,,,,,,,,
3452,27.75,128.9667,1.3,"(-0.556541, 0.688088, 0.465615)",649,65.0,<pygplates.pygplates.Feature object at 0x0000016CD8DC2890>,127.88364538682842,29.433932104137515,,,,,,,,,,,,,,,,,,,,,,,,,,,,,,,,,,,,,,
3453,27.75,128.9667,1.3,"(-0.556541, 0.688088, 0.465615)",649,65.0,<pygplates.pygplates.Feature object at 0x0000016CD8DC2900>,127.88364538682842,29.433932104137515,,,,,,,,,,,,,,,,,,,,,,,,,,,,,,,,,,,,,,
779,-1.2,129.7667,14.15,"(-0.639523, 0.768487, -0.0209424)",567,155.0,<pygplates.pygplates.Feature object at 0x0000016CD8DC2970>,,,146.41111163562496,2.3863226206310277,,,,,,,,,,,,,,,,,,,,,,,,,,,,,,,,,,,,
3934,28.3,129.9667,0.45,"(-0.565568, 0.674814, 0.474088)",649,65.0,<pygplates.pygplates.Feature object at 0x0000016CD8DC29E0>,128.91853469868468,29.95697505900963,,,,,,,,,,,,,,,,,,,,,,,,,,,,,,,,,,,,,,
780,-0.8833,130.6167,14.15,"(-0.650918, 0.758991, -0.0154159)",697,10.0,<pygplates.pygplates.Feature object at 0x0000016CD8DC2A50>,,,,,,,,,,,,,,,,,,,,,,,,,,,,,,,,,,,,,,,,
1251,32.5,130.75,160.4,"(-0.550532, 0.638924, 0.5373)",631,30.0,<pygplates.pygplates.Feature object at 0x0000016CD8DC2AC0>,,,,,,,,,,,,,,,,,,,,,,,,,,,,,,,,,,,,,,,,
3808,25.45,131.1667,3.1,"(-0.594376, 0.679747, 0.429723)",,inf,<pygplates.pygplates.Feature object at 0x0000016CD8DC1120>,,,,,,,,,,,,,,,,,,,,,,,,,,,,,,,,,,,,,,,,
3809,25.45,131.1667,0.05,"(-0.594376, 0.679747, 0.429723)",,inf,<pygplates.pygplates.Feature object at 0x0000016CD8DC2BA0>,,,,,,,,,,,,,,,,,,,,,,,,,,,,,,,,,,,,,,,,
1252,33.5,133.0,160.4,"(-0.568709, 0.609865, 0.551937)",631,30.0,<pygplates.pygplates.Feature object at 0x0000016CD8DC2B30>,,,,,,,,,,,,,,,,,,,,,,,,,,,,,,,,,,,,,,,,
2026,34.6667,138.1667,14.9,"(-0.612816, 0.548562, 0.568802)",631,30.0,<pygplates.pygplates.Feature object at 0x0000016CD8DC2C80>,,,136.57920592451256,39.32991589506347,,,,,,,,,,,,,,,,,,,,,,,,,,,,,,,,,,,,
2048,37.8333,140.75,148.55,"(-0.611614, 0.49971, 0.613366)",627,150.0,<pygplates.pygplates.Feature object at 0x0000016CD8DC2D60>,,,,,,,,,,,,,,,,,,,,,,,,,,,,,166.29628028122298,56.05956828205485,,,,,,,,,,
646,13.45,144.6667,2.65,"(-0.793427, 0.56247, 0.232597)",699,10.0,<pygplates.pygplates.Feature object at 0x0000016CD8DC2DD0>,145.6967789731742,14.547364494393204,,,,,,,,,,,,,,,,,,,,,,,,,,,,,,,,,,,,,,
717,13.3,144.6667,14.15,"(-0.793921, 0.56282, 0.23005)",699,10.0,<pygplates.pygplates.Feature object at 0x0000016CD8DC2CF0>,,,,,,,,,,,,,,,,,,,,,,,,,,,,,,,,,,,,,,,,
3237,-6.0833,147.5833,0.05,"(-0.839418, 0.533054, -0.105974)",69702,40.0,<pygplates.pygplates.Feature object at 0x0000016CD8DC2E40>,152.24515214518672,-1.8740150191758467,,,,,,,,,,,,,,,,,,,,,,,,,,,,,,,,,,,,,,
3236,-6.3167,147.8,0.05,"(-0.841056, 0.529641, -0.110024)",69702,40.0,<pygplates.pygplates.Feature object at 0x0000016CD8DC2F90>,152.56218691077405,-1.8960235041023472,,,,,,,,,,,,,,,,,,,,,,,,,,,,,,,,,,,,,,
2076,7.3333,151.75,13.8,"(-0.873685, 0.469448, 0.127641)",,inf,<pygplates.pygplates.Feature object at 0x0000016CD8DC2C10>,,,,,,,,,,,,,,,,,,,,,,,,,,,,,,,,,,,,,,,,
2077,7.3333,151.75,8.45,"(-0.873685, 0.469448, 0.127641)",,inf,<pygplates.pygplates.Feature object at 0x0000016CD8DC2F20>,,,,,,,,,,,,,,,,,,,,,,,,,,,,,,,,,,,,,,,,
4097,-23.51,152.22,0.05,"(-0.811302, 0.427389, -0.398909)",801,350.0,<pygplates.pygplates.Feature object at 0x0000016CD8DC2EB0>,152.62029349806127,-24.497234863005126,,,,,,,,,,,,,,,,,,,,,,,,,,,,,,,,,,,,,,
4096,-23.3,152.5,57.6,"(-0.814672, 0.424091, -0.395546)",801,350.0,<pygplates.pygplates.Feature object at 0x0000016CD8DC3120>,,,,,,,,,,,161.80954850627327,-40.59310055481812,,,,,,,,,,,,,,,,,,,,,,,,,,,,
4095,-23.26,152.55,0.05,"(-0.815287, 0.423507, -0.394904)",801,350.0,<pygplates.pygplates.Feature object at 0x0000016CD8DC30B0>,152.94189496404707,-24.23565929798576,,,,,,,,,,,,,,,,,,,,,,,,,,,,,,,,,,,,,,
2078,6.8333,158.1667,8.45,"(-0.921676, 0.369266, 0.118981)",,inf,<pygplates.pygplates.Feature object at 0x0000016CD8DC2040>,,,,,,,,,,,,,,,,,,,,,,,,,,,,,,,,,,,,,,,,
2034,-9.1333,160.3333,4.45,"(-0.929728, 0.332281, -0.158732)",847,50.0,<pygplates.pygplates.Feature object at 0x0000016CD8DC3200>,164.46928848824692,-8.338426219965202,,,,,,,,,,,,,,,,,,,,,,,,,,,,,,,,,,,,,,
2147,-22.05,166.0833,3.95,"(-0.89965, 0.222919, -0.375416)",845,50.0,<pygplates.pygplates.Feature object at 0x0000016CD8DC3270>,166.48417170147255,-22.521379384809794,,,,,,,,,,,,,,,,,,,,,,,,,,,,,,,,,,,,,,
3976,-20.4167,166.1333,0.05,"(-0.909867, 0.224608, -0.348845)",844,50.0,<pygplates.pygplates.Feature object at 0x0000016CD8DC32E0>,166.46144221995257,-20.88755110855503,,,,,,,,,,,,,,,,,,,,,,,,,,,,,,,,,,,,,,
3955,-13.1333,166.55,0.05,"(-0.947135, 0.226513, -0.227217)",827,40.0,<pygplates.pygplates.Feature object at 0x0000016CD8DC3040>,171.19890196166793,-11.747316336746552,,,,,,,,,,,,,,,,,,,,,,,,,,,,,,,,,,,,,,
3956,-13.25,166.6167,0.45,"(-0.946946, 0.225303, -0.2292)",827,40.0,<pygplates.pygplates.Feature object at 0x0000016CD8DC3350>,171.28710751652793,-11.84920416233375,,,,,,,,,,,,,,,,,,,,,,,,,,,,,,,,,,,,,,
3958,-15.5667,167.0167,0.05,"(-0.938692, 0.216426, -0.26836)",827,40.0,<pygplates.pygplates.Feature object at 0x0000016CD8DC33C0>,172.1399898010518,-14.046105711282381,,,,,,,,,,,,,,,,,,,,,,,,,,,,,,,,,,,,,,
3959,-16.0,167.1667,0.05,"(-0.93725, 0.213511, -0.275637)",827,40.0,<pygplates.pygplates.Feature object at 0x0000016CD8DC34A0>,172.37351867364444,-14.44278002108053,,,,,,,,,,,,,,,,,,,,,,,,,,,,,,,,,,,,,,
3974,-20.8833,167.2167,0.05,"(-0.911151, 0.206729, -0.356466)",844,50.0,<pygplates.pygplates.Feature object at 0x0000016CD8DC3510>,167.5678416042951,-21.31182936105689,,,,,,,,,,,,,,,,,,,,,,,,,,,,,,,,,,,,,,
3975,-20.8833,167.2167,0.05,"(-0.911151, 0.206729, -0.356466)",844,50.0,<pygplates.pygplates.Feature object at 0x0000016CD8DC3580>,167.5678416042951,-21.31182936105689,,,,,,,,,,,,,,,,,,,,,,,,,,,,,,,,,,,,,,
3961,-16.1667,167.3667,0.05,"(-0.937203, 0.210062, -0.278433)",827,40.0,<pygplates.pygplates.Feature object at 0x0000016CD8DC3430>,172.6018979279758,-14.56861365263317,,,,,,,,,,,,,,,,,,,,,,,,,,,,,,,,,,,,,,
3979,-22.55,167.4167,0.05,"(-0.901362, 0.201202, -0.38349)",845,50.0,<pygplates.pygplates.Feature object at 0x0000016CD8DC3660>,167.84339071796472,-22.969319307040937,,,,,,,,,,,,,,,,,,,,,,,,,,,,,,,,,,,,,,
3960,-16.3,167.6833,0.05,"(-0.937714, 0.204741, -0.280667)",827,40.0,<pygplates.pygplates.Feature object at 0x0000016CD8DC36D0>,172.93691863629107,-14.63980265294244,,,,,,,,,,,,,,,,,,,,,,,,,,,,,,,,,,,,,,
4009,-21.5333,167.8833,0.05,"(-0.909481, 0.195253, -0.367042)",844,50.0,<pygplates.pygplates.Feature object at 0x0000016CD8DC3740>,168.26486776820565,-21.93539514394766,,,,,,,,,,,,,,,,,,,,,,,,,,,,,,,,,,,,,,
4010,-21.45,167.9833,1.3,"(-0.910342, 0.193776, -0.365689)",844,50.0,<pygplates.pygplates.Feature object at 0x0000016CD8DC37B0>,168.36130947249097,-21.848282070966334,,,,,,,,,,,,,,,,,,,,,,,,,,,,,,,,,,,,,,
3155,-17.9333,177.3333,21.7,"(-0.950385, 0.0442655, -0.30791)",825,10.0,<pygplates.pygplates.Feature object at 0x0000016CD8DC3820>,,,,,,,,,,,,,,,,,,,,,,,,,,,,,,,,,,,,,,,,
3156,-17.9333,177.3333,17.3,"(-0.950385, 0.0442655, -0.30791)",825,10.0,<pygplates.pygplates.Feature object at 0x0000016CD8DC3890>,,,,,,,,,,,,,,,,,,,,,,,,,,,,,,,,,,,,,,,,
3157,-17.9833,177.6,14.9,"(-0.950312, 0.0398299, -0.30874)",825,10.0,<pygplates.pygplates.Feature object at 0x0000016CD8DC3900>,,,,,,,,,,,,,,,,,,,,,,,,,,,,,,,,,,,,,,,,
3905,-29.2167,177.8333,2.15,"(-0.872156, 0.0329972, -0.488114)",,inf,<pygplates.pygplates.Feature object at 0x0000016CD8DC3190>,,,,,,,,,,,,,,,,,,,,,,,,,,,,,,,,,,,,,,,,
